시설종류,대상시설명,소재지도로명주소,소재지지번주소,위도,경도,관리기관명,관할경찰서명,CCTV설치여부,CCTV설치대수,어린이보호구역지정여부,어린이보호구역지정여부수정일자,보호구역도로폭,데이터기준일자,제공기관코드,제공기관명,자치구,도로폭,CCTV,키,승하차존,공회전제한,관리공백,학생수,사고_300,사고_500,특수학생,단속,공회전공백,우선순위점수,순위
초등학교,신은초교,서울특별시 양천구 신정이펜2로 30,서울특별시 양천구 신정3동781-14,37.513992,126.832171,서울특별시 양천구청,서울양천경찰서,Y,10,,,7,2026-08-05,3140000,서울특별시 양천구,양천구,7.0,10.0,신은,False,True,False,325.0,0.0,0.0,6.0,227.0,0,-1.961123831110392,486
초등학교,목운초교,서울특별시 양천구 목동동로 235,서울특별시 양천구 목1동 922,37.527011,126.873011,서울특별시 양천구청,서울양천경찰서,Y,8,,,14,2026-08-05,3140000,서울특별시 양천구,양천구,14.0,8.0,목운,False,True,False,1585.0,3.0,3.0,8.0,639.0,0,5.091189544463115,20
초등학교,장수초교,서울특별시 양천구 신정로13가길 30,서울특별시 양천구 신정3동 1288-2,37.512998,126.845158,서울특별시 양천구청,서울양천경찰서,Y,5,,,6,2026-08-05,3140000,서울특별시 양천구,양천구,6.0,5.0,장수,False,True,False,242.0,3.0,3.0,0.0,19.0,0,-2.6740430066295544,548
초등학교,지향초교,서울특별시 양천구 신정로11길 74,서울특별시 양천구 신정3동 1284,37.512839,126.837024,서울특별시 양천구청,서울양천경찰서,Y,10,,,6,2026-08-05,3140000,서울특별시 양천구,양천구,6.0,10.0,지향,True,True,False,486.0,0.0,6.0,6.0,34.0,0,-2.0739486466725987,493
초등학교,신기초교,서울특별시 양천구 신정로 292,서울특별시 양천구 신정3동 1274,37.511312,126.854215,서울특별시 양천구청,서울양천경찰서,Y,6,,,7,2026-08-05,3140000,서울특별시 양천구,양천구,7.0,6.0,신기,True,True,False,322.0,0.0,0.0,5.0,41.0,0,-2.7682221318783067,553
초등학교,신남초교,서울특별시 양천구 절골8길 33,서울특별시 양천구 신월6동 590-1,37.516529,126.844798,서울특별시 양천구청,서울양천경찰서,Y,6,,,5,2026-08-05,3140000,서울특별시 양천구,양천구,5.0,6.0,신남,False,True,False,901.0,0.0,6.0,13.0,256.0,0,1.3970776007308747,138
초등학교,신강초교,서울특별시 양천구 목동중앙로55길 72,서울특별시 양천구 신월2동 448-5,37.525717,126.841556,서울특별시 양천구청,서울양천경찰서,Y,7,,,6,2026-08-05,3140000,서울특별시 양천구,양천구,6.0,7.0,신강,False,True,False,289.0,0.0,0.0,10.0,208.0,0,-1.2680443295495076,419
초등학교,목원초교,서울특별시 양천구 목동중앙로 204,서울특별시 양천구 목5동 929,37.542936,126.882479,서울특별시 양천구청,서울양천경찰서,Y,2,,,14,2026-08-05,3140000,서울특별시 양천구,양천구,14.0,2.0,목원,False,True,False,430.0,0.0,0.0,0.0,73.0,0,-3.4164474708268533,586
초등학교,정목초교,서울특별시 양천구 목동중앙로3길 30-10,서울특별시 양천구 목4동 757,37.53652885,126.870051,서울특별시 양천구청,서울양천경찰서,Y,14,,,5,2026-08-05,3140000,서울특별시 양천구,양천구,5.0,14.0,정목,True,True,False,694.0,4.0,4.0,7.0,251.0,0,1.4363264790390082,134
초등학교,월촌초교,서울특별시 양천구 목동중앙로 132,서울특별시 양천구 목5동 901-1,37.540695,126.876258,서울특별시 양천구청,서울양천경찰서,Y,9,,,7,2026-08-05,3140000,서울특별시 양천구,양천구,7.0,9.0,월촌,True,True,False,1011.0,0.0,0.0,0.0,385.0,0,-0.6662503247976219,352
초등학교,영도초교,서울특별시 양천구 목동중앙로 70,서울특별시 양천구 목5동 903-1,37.535952,126.871944,서울특별시 양천구청,서울양천경찰서,Y,6,,,7,2026-08-05,3140000,서울특별시 양천구,양천구,7.0,6.0,영도,False,True,False,1095.0,4.0,7.0,0.0,70.0,0,0.5843400738594402,220
초등학교,양화초교,서울특별시 양천구 목동중앙북로16길 57,서울특별시 양천구 목2동 4542,37.5436693,126.873986,서울특별시 양천구청,서울양천경찰서,Y,7,,,5,2026-08-05,3140000,서울특별시 양천구,양천구,5.0,7.0,양화,False,True,False,475.0,0.0,0.0,11.0,149.0,0,-0.6694220394061652,354
초등학교,양목초교,서울특별시 양천구 목동로11길 30,서울특별시 양천구 신정4동 1001,37.523917,126.861471,서울특별시 양천구청,서울양천경찰서,Y,10,,,5,2026-08-05,3140000,서울특별시 양천구,양천구,5.0,10.0,양목,False,True,False,405.0,0.0,0.0,6.0,330.0,0,-1.3944670316243544,435
초등학교,양명초교,서울특별시 양천구 중앙로 204,서울특별시 양천구 신정1동 543,37.516375,126.856634,서울특별시 양천구청,서울양천경찰서,Y,7,,,7,2026-08-05,3140000,서울특별시 양천구,양천구,7.0,7.0,양명,False,True,False,552.0,0.0,3.0,8.0,56.0,0,-1.3723953674022078,431
초등학교,신서초교,서울특별시 양천구 목동서로10길 35,서울특별시 양천구 신정1동 312-1,37.520596,126.862332,서울특별시 양천구청,서울양천경찰서,Y,4,,,7,2026-08-05,3140000,서울특별시 양천구,양천구,7.0,4.0,신서,False,True,False,1031.0,0.0,0.0,0.0,196.0,0,-1.1969262401366985,415
초등학교,신목초교,서울특별시 양천구 신목로5길 11-6,서울특별시 양천구 신정2동 281-1,37.51661098,126.872685,서울특별시 양천구청,서울양천경찰서,Y,10,,,6,2026-08-05,3140000,서울특별시 양천구,양천구,6.0,10.0,신목,False,True,False,858.0,3.0,3.0,15.0,141.0,0,2.822310337505531,58
초등학교,서정초교,서울특별시 양천구 목동로8길 19,서울특별시 양천구 목1동 927-5,37.523451,126.867237,서울특별시 양천구청,서울양천경찰서,Y,5,,,7,2026-08-05,3140000,서울특별시 양천구,양천구,7.0,5.0,서정,False,True,False,830.0,0.0,3.0,3.0,244.0,0,-1.013324296122158,393
초등학교,목동초교,서울특별시 양천구 목동동로12길 12,서울특별시 양천구 신정2동 86-2,37.522808,126.8721195,서울특별시 양천구청,서울양천경찰서,Y,5,,,5,2026-08-05,3140000,서울특별시 양천구,양천구,5.0,5.0,목동,False,True,False,1326.0,0.0,6.0,9.0,252.0,0,1.8193343531359232,104
초등학교,계남초교,서울특별시 양천구 목동동로2길 54,서울특별시 양천구 신정7동 325-7,37.510169,126.860017,서울특별시 양천구청,서울양천경찰서,Y,7,,,7,2026-08-05,3140000,서울특별시 양천구,양천구,7.0,7.0,계남,True,True,False,689.0,0.0,0.0,6.0,63.0,0,-1.3635384150460204,429
초등학교,경인초교,서울특별시 양천구 안양천로 1009,서울특별시 양천구 목5동 911-4,37.532893,126.885698,서울특별시 양천구청,서울양천경찰서,Y,6,,,4,2026-08-05,3140000,서울특별시 양천구,양천구,4.0,6.0,경인,False,True,False,1104.0,0.0,0.0,0.0,22.0,0,-1.5188681929106806,451
초등학교,강월초교,서울특별시 양천구 신월로 97,서울특별시 양천구 신월7동 987-3,37.516341,126.833433,서울특별시 양천구청,서울양천경찰서,Y,6,,,8,2026-08-05,3140000,서울특별시 양천구,양천구,8.0,6.0,강월,False,True,False,347.0,0.0,3.0,7.0,69.0,0,-2.173028334181798,501
초등학교,갈산초교,서울특별시 양천구 목동로 31,서울특별시 양천구 신정7동 330-11,37.512372,126.870229,서울특별시 양천구청,서울양천경찰서,Y,19,,,14,2026-08-05,3140000,서울특별시 양천구,양천구,14.0,19.0,갈산,False,True,False,957.0,0.0,0.0,0.0,23.0,0,-1.9644255047124721,487
초등학교,양원초교,서울특별시 양천구 화곡로 16,서울특별시 양천구 신월3동 40-1,37.538217,126.823106,서울특별시 양천구청,서울양천경찰서,Y,6,,,6,2026-08-05,3140000,서울특별시 양천구,양천구,6.0,6.0,양원,False,True,False,168.0,0.0,0.0,6.0,31.0,0,-3.0539724918032314,575
초등학교,양강초교,서울특별시 양천구 오목로 101,서울특별시 양천구 신월2동 496,37.524234,126.847852,서울특별시 양천구청,서울양천경찰서,Y,8,,,6,2026-08-05,3140000,서울특별시 양천구,양천구,6.0,8.0,양강,True,True,False,441.0,0.0,0.0,9.0,119.0,0,-1.2983481456498285,421
초등학교,신원초교,서울특별시 양천구 남부순환로58길 32,서울특별시 양천구 신월3동 204,37.529559,126.829864,서울특별시 양천구청,서울양천경찰서,Y,8,,,6,2026-08-05,3140000,서울특별시 양천구,양천구,6.0,8.0,신원,False,True,False,299.0,0.0,3.0,13.0,97.0,0,-0.9382048667246707,384
초등학교,강신초교,서울특별시 양천구 월정로 280,서울특별시 양천구 신월5동 6-7,37.54209971,126.829587,서울특별시 양천구청,서울양천경찰서,Y,8,,,7,2026-08-05,3140000,서울특별시 양천구,양천구,7.0,8.0,강신,True,True,False,544.0,0.0,0.0,6.0,51.0,0,-1.8436915759847816,476
초등학교,강서초교,서울특별시 양천구 오목로 31,서울특별시 양천구 신월4동 441,37.522413,126.840913,서울특별시 양천구청,서울양천경찰서,Y,11,,,5,2026-08-05,3140000,서울특별시 양천구,양천구,5.0,11.0,강서,True,True,False,709.0,0.0,0.0,17.0,291.0,0,1.7830616907278292,112
초등학교,양동초교,서울특별시 양천구 오목로23길 24,서울특별시 양천구 신정4동 941,37.525847,126.8512402,서울특별시 양천구청,서울양천경찰서,Y,11,,,6,2026-08-05,3140000,서울특별시 양천구,양천구,6.0,11.0,양동,False,True,False,263.0,0.0,0.0,8.0,235.0,0,-1.6940962185671078,460
초등학교,남명초교,서울특별시 양천구 중앙로23길 3,서울특별시 양천구 신정3동 653-5,37.515684,126.854084,서울특별시 양천구청,서울양천경찰서,Y,9,,,5,2026-08-05,3140000,서울특별시 양천구,양천구,5.0,9.0,남명,False,True,False,401.0,0.0,0.0,10.0,103.0,0,-1.254921116254983,418
초등학교,무학초등학교,서울특별시 성동구 하왕십리동 무학봉15길 21 무학초등학교,서울특별시 성동구 하왕십리동 950-1,37.56370023,127.0291054,서울특별시 성동구,성동경찰서,Y,8,,,5,2026-08-06,3030000,서울특별시 성동구,성동구,5.0,8.0,무학,False,True,False,347.0,0.0,0.0,11.0,478.0,0,-0.030082004073989088,283
초등학교,금호초등학교,서울특별시 성동구 금호동2가 무수막길 69 금호초등학교,서울특별시 성동구 금호동2가 511,37.55196497,127.0197434,서울특별시 성동구,성동경찰서,Y,10,,,6,2026-08-06,3030000,서울특별시 성동구,성동구,6.0,10.0,금호,False,True,False,508.0,0.0,0.0,11.0,650.0,0,0.9998365659370938,176
초등학교,옥정초등학교,서울특별시 성동구 옥수동 한림말길 43 옥정초등학교,서울특별시 성동구 옥수동 233-16,37.54230974,127.0157855,서울특별시 성동구,성동경찰서,Y,3,,,6~8.5,2026-08-06,3030000,서울특별시 성동구,성동구,,3.0,옥정,False,True,False,576.0,0.0,0.0,8.0,725.0,0,0.7953675747294013,198
초등학교,경동초등학교,서울특별시 성동구 성수일로 34,서울특별시 성동구 성수동1가 19-1,37.5438253,127.050074,서울특별시 성동구,성동경찰서,Y,6,,,8~21,2026-08-06,3030000,서울특별시 성동구,성동구,,6.0,경동,False,True,False,645.0,0.0,0.0,11.0,1165.0,0,3.0303656354608663,50
초등학교,마장초등학교,"서울특별시 성동구 마장동 마장로35나길 31 마장초,중학교",서울특별시 성동구 마장동 766-49,37.56830949,127.042128,서울특별시 성동구,성동경찰서,Y,2,,,8~10,2026-08-06,3030000,서울특별시 성동구,성동구,,2.0,마장,False,True,False,372.0,0.0,0.0,3.0,1406.0,0,1.2267162663383362,156
초등학교,사근초등학교,서울특별시 성동구 사근동 사근동11길 16 사근초등학교,서울특별시 성동구 사근동 291-5,37.56267971,127.0475738,서울특별시 성동구,성동경찰서,Y,7,,,4~13,2026-08-06,3030000,서울특별시 성동구,성동구,,7.0,사근,True,True,False,120.0,0.0,0.0,10.0,226.0,0,-1.7275285791521258,463
초등학교,경수초등학교,서울특별시 성동구 성수동2가 뚝섬로13길 22 경수초등학교,서울특별시 성동구 성수동2가 268,37.54043667,127.0580668,서울특별시 성동구,성동경찰서,Y,6,,,8,2026-08-06,3030000,서울특별시 성동구,성동구,8.0,6.0,경수,False,True,False,115.0,0.0,0.0,8.0,1382.0,0,1.4451953198455127,133
초등학교,동명초등학교,서울특별시 성동구 마장로29길 29,서울특별시 성동구 마장동 556,37.56812285,127.0351082,서울특별시 성동구,성동경찰서,Y,7,,,7,2026-08-06,3030000,서울특별시 성동구,성동구,7.0,7.0,동명,False,True,False,162.0,0.0,0.0,13.0,993.0,0,1.4488302200362457,132
초등학교,옥수초등학교,서울특별시 성동구 금호동4가 금호로1길 25 옥수초등학교,서울특별시 성동구 금호동4가 440-12,37.54552939,127.0218696,서울특별시 성동구,성동경찰서,Y,3,,,6~6,2026-08-06,3030000,서울특별시 성동구,성동구,,3.0,옥수,False,True,False,476.0,0.0,0.0,6.0,832.0,0,0.39390978154710177,238
초등학교,경일초등학교,서울특별시 성동구 성수동1가 뚝섬로 332 경일초등학교 가동(교사),서울특별시 성동구 성수동1가 656-32,37.5409419,127.0466051,서울특별시 성동구,성동경찰서,Y,4,,,4~9,2026-08-06,3030000,서울특별시 성동구,성동구,,4.0,경일,False,True,False,159.0,0.0,0.0,1.0,640.0,0,-2.252843152821794,506
초등학교,용답초등학교,서울특별시 성동구 용답동 용답25길 1 용답초등학교,서울특별시 성동구 용답동 29,37.5607767,127.0537611,서울특별시 성동구,성동경찰서,Y,6,,,7,2026-08-06,3030000,서울특별시 성동구,성동구,7.0,6.0,용답,False,True,False,175.0,0.0,0.0,8.0,531.0,0,-1.0359807042616191,396
초등학교,금옥초등학교,서울특별시 성동구 독서당로 251,서울특별시 성동구 금호동4가 1254,37.54630189,127.0176529,서울특별시 성동구,성동경찰서,Y,6,,,30,2026-08-06,3030000,서울특별시 성동구,성동구,30.0,6.0,금옥,False,True,False,292.0,0.0,0.0,8.0,663.0,0,-0.26559549076293876,313
초등학교,금북초등학교,서울특별시 성동구 행당로1길 13,서울특별시 성동구 금호동1가 48-2,37.557465,127.023576,서울특별시 성동구,성동경찰서,Y,6,,,5~20,2026-08-06,3030000,서울특별시 성동구,성동구,,6.0,금북,False,True,False,617.0,0.0,0.0,11.0,212.0,0,-0.03875478518507669,285
초등학교,응봉초등학교,서울특별시 성동구 독서당로62길 28,서울특별시 성동구 응봉동 205-1,37.55025195,127.0338274,서울특별시 성동구,성동경찰서,Y,2,,,4~12,2026-08-06,3030000,서울특별시 성동구,성동구,,2.0,응봉,False,True,False,575.0,0.0,0.0,0.0,109.0,0,-2.861155018781903,562
초등학교,성수초등학교,서울특별시 성동구 성수동2가 아차산로17길 21 성수초등학교,서울특별시 성동구 성수동2가 277-32,37.54431313,127.0631674,서울특별시 성동구,성동경찰서,Y,3,,,5~8,2026-08-06,3030000,서울특별시 성동구,성동구,,3.0,성수,False,True,False,168.0,0.0,0.0,7.0,1316.0,0,1.184722280550593,162
초등학교,행당초등학교,서울특별시 성동구 행당동 고산자로8길 6 행당초등학교,서울특별시 성동구 행당동 320-60,37.55701994,127.0348717,서울특별시 성동구,성동경찰서,Y,5,,,4~8,2026-08-06,3030000,서울특별시 성동구,성동구,,5.0,행당,False,True,False,654.0,4.0,4.0,11.0,538.0,0,3.075222741779369,48
초등학교,행현초등학교,서울특별시 성동구 행당로 95,서울특별시 성동구 행당동 317-18,37.5577098,127.0293584,서울특별시 성동구,성동경찰서,Y,3,,,12~20,2026-08-06,3030000,서울특별시 성동구,성동구,,3.0,행현,False,True,False,508.0,0.0,4.0,2.0,308.0,0,-2.011405381715739,489
초등학교,송원초등학교,서울특별시 성동구 동일로43길 9,서울특별시 성동구 송정동 72-8,37.55415747,127.069528,서울특별시 성동구,성동경찰서,Y,7,,,4~8,2026-08-06,3030000,서울특별시 성동구,성동구,,7.0,송원,False,True,False,184.0,0.0,0.0,3.0,173.0,0,-3.207397234190432,580
초등학교,동호초등학교,서울특별시 성동구 동호로5길 133,서울특별시 성동구 옥수동 556-1,37.54646136,127.0100124,서울특별시 성동구,성동경찰서,Y,1,,,5~9,2026-08-06,3030000,서울특별시 성동구,성동구,,1.0,동호,False,True,False,313.0,0.0,0.0,4.0,47.0,0,-2.9925199044333586,572
초등학교,숭신초등학교,서울특별시 성동구 마장로 161,서울특별시 성동구 하왕십리동 1068,37.56781934,127.0278897,서울특별시 성동구,성동경찰서,Y,1,,,10~20,2026-08-06,3030000,서울특별시 성동구,성동구,,1.0,숭신,False,False,True,743.0,0.0,0.0,11.0,226.0,1,2.482615823106154,80
초등학교,한양초등학교,서울특별시 성동구 살곶이길 208,서울특별시 성동구 사근동 110,37.55762103,127.0502634,서울특별시 성동구,성동경찰서,Y,1,,,20,2026-08-06,3030000,서울특별시 성동구,성동구,20.0,1.0,한양,True,True,False,676.0,0.0,0.0,0.0,18.0,0,-2.8377758535092896,560
초등학교,등마초등학교,서울특별시 강서구 등촌로35길 12 (등촌동),,37.54204371,126.8616672,서울특별시 강서구청,서울특별시 강서경찰서,Y,1,,,8,2026-07-01,3150000,서울특별시 강서구,강서구,8.0,1.0,등마,False,True,False,603.0,3.0,3.0,15.0,58.0,0,1.7841170953724093,111
초등학교,수명초등학교,서울특별시 강서구 수명로1길 84 (내발산동),,37.55277267,126.8238794,서울특별시 강서구청,서울특별시 강서경찰서,Y,1,,,12,2026-07-01,3150000,서울특별시 강서구,강서구,12.0,1.0,수명,False,True,False,656.0,3.0,6.0,6.0,40.0,0,-0.050972516723146954,290
초등학교,화일초등학교,서울특별시 강서구 까치산로10길 70 (화곡동),,37.54071203,126.8474708,서울특별시 강서구청,서울특별시 강서경찰서,Y,2,,,8,2026-07-01,3150000,서울특별시 강서구,강서구,8.0,2.0,화일,False,True,False,565.0,11.0,11.0,12.0,152.0,0,5.2763903360684274,17
초등학교,염경초등학교,서울특별시 강서구 양천로69길 49 (염창동),,37.55500067,126.8712046,서울특별시 강서구청,서울특별시 강서경찰서,Y,2,,,8,2026-07-01,3150000,서울특별시 강서구,강서구,8.0,2.0,염경,False,True,False,736.0,0.0,0.0,6.0,39.0,0,-1.2952196011651311,420
초등학교,염동초등학교,서울특별시 강서구 양천로73길 17 (염창동),,37.55209548,126.8723509,서울특별시 강서구청,서울특별시 강서경찰서,N,,,,,2026-07-01,3150000,서울특별시 강서구,강서구,,,염동,False,True,False,759.0,0.0,0.0,8.0,106.0,0,-0.5840290556332818,339
초등학교,유석초등학교,서울특별시 강서구 화곡로69길 9 (등촌동),,37.56080181,126.8537794,서울특별시 강서구청,서울특별시 강서경찰서,Y,3,,,12,2026-07-01,3150000,서울특별시 강서구,강서구,12.0,3.0,유석,True,True,False,354.0,0.0,0.0,0.0,130.0,0,-3.4699664625138658,590
초등학교,탑산초등학교,서울특별시 강서구 허준로 109 (가양동),,37.56701719,126.8523683,서울특별시 강서구청,서울특별시 강서경찰서,Y,1,,,25,2026-07-01,3150000,서울특별시 강서구,강서구,25.0,1.0,탑산,False,True,False,359.0,0.0,0.0,11.0,3.0,0,-1.4805862059440145,447
초등학교,월정초등학교,서울특별시 강서구 월정로 176 (화곡동),,37.53499419,126.8362936,서울특별시 강서구청,서울특별시 강서경찰서,Y,2,,,12,2026-07-01,3150000,서울특별시 강서구,강서구,12.0,2.0,월정,False,True,False,700.0,11.0,14.0,14.0,160.0,0,6.144721069514995,7
초등학교,염창초등학교,서울특별시 강서구 양천로 646-28 (염창동),,37.55322614,126.8676002,서울특별시 강서구청,서울특별시 강서경찰서,Y,2,,,8,2026-07-01,3150000,서울특별시 강서구,강서구,8.0,2.0,염창,False,True,False,742.0,0.0,0.0,13.0,99.0,0,0.42022568787337633,235
초등학교,양천초등학교,서울특별시 강서구 양천로 329 (가양동),,37.57018817,126.8395397,서울특별시 강서구청,서울특별시 강서경찰서,Y,1,,,10,2026-07-01,3150000,서울특별시 강서구,강서구,10.0,1.0,양천,False,True,False,254.0,0.0,0.0,0.0,82.0,0,-3.9254750553370488,600
초등학교,송화초등학교,서울특별시 강서구 방화대로34길 2 (방화동),,37.56769447,126.8168745,서울특별시 강서구청,서울특별시 강서경찰서,Y,1,,,10,2026-07-01,3150000,서울특별시 강서구,강서구,10.0,1.0,송화,False,True,False,906.0,0.0,0.0,8.0,61.0,0,-0.27622711085950313,315
초등학교,등현초등학교,서울특별시 강서구 화곡로65길 124 (등촌동),,37.56145118,126.8475984,서울특별시 강서구청,서울특별시 강서경찰서,Y,1,,,10,2026-07-01,3150000,서울특별시 강서구,강서구,10.0,1.0,등현,False,True,False,452.0,0.0,0.0,0.0,86.0,0,-3.30859641914329,581
초등학교,등촌초등학교,서울특별시 강서구 등촌로39길 71 (등촌동),,37.54761422,126.8579422,서울특별시 강서구청,서울특별시 강서경찰서,Y,2,,,6,2026-07-01,3150000,서울특별시 강서구,강서구,6.0,2.0,등촌,False,True,False,360.0,0.0,0.0,5.0,77.0,0,-2.5395257911869176,536
초등학교,등원초등학교,서울특별시 강서구 화곡로65길 90 (등촌동),,37.55981354,126.850069,서울특별시 강서구청,서울특별시 강서경찰서,Y,1,,,10,2026-07-01,3150000,서울특별시 강서구,강서구,10.0,1.0,등원,False,True,False,124.0,0.0,0.0,8.0,26.0,0,-2.772703926699188,554
초등학교,등양초등학교,서울특별시 강서구 강서로56나길 140 (등촌동),,37.56494704,126.8447602,서울특별시 강서구청,서울특별시 강서경찰서,Y,1,,,10,2026-07-01,3150000,서울특별시 강서구,강서구,10.0,1.0,등양,False,True,False,154.0,0.0,0.0,5.0,90.0,0,-3.1275991636959897,577
초등학교,등서초등학교,서울특별시 강서구 화곡로58길 86 (화곡동),,37.55188439,126.8550381,서울특별시 강서구청,서울특별시 강서경찰서,Y,2,,,10,2026-07-01,3150000,서울특별시 강서구,강서구,10.0,2.0,등서,False,True,False,415.0,0.0,0.0,5.0,92.0,0,-2.3246872284096067,514
초등학교,등명초등학교,서울특별시 강서구 강서로56나길 34 (등촌동),,37.56089445,126.8423822,서울특별시 강서구청,서울특별시 강서경찰서,Y,1,,,10,2026-07-01,3150000,서울특별시 강서구,강서구,10.0,1.0,등명,False,True,False,49.0,0.0,0.0,4.0,125.0,0,-3.554124436350769,594
초등학교,내발산초등학교,서울특별시 강서구 강서로46길 23 (내발산동),,37.55088255,126.8381642,서울특별시 강서구청,서울특별시 강서경찰서,Y,2,,,7,2026-07-01,3150000,서울특별시 강서구,강서구,7.0,2.0,내발산,True,True,False,1071.0,0.0,10.0,11.0,407.0,0,1.9574962032257615,95
초등학교,공항초등학교,서울특별시 강서구 마곡서1로 68 (마곡동),,37.56309005,126.8216459,서울특별시 강서구청,서울특별시 강서경찰서,N,,,,,2026-07-01,3150000,서울특별시 강서구,강서구,,,공항,False,True,False,1189.0,0.0,0.0,16.0,5.0,0,2.1371439616009806,93
초등학교,공진초등학교,서울특별시 강서구 마곡서로 33 (마곡동),,37.55782959,126.8226104,서울특별시 강서구청,서울특별시 강서경찰서,N,,,,,2026-07-01,3150000,서울특별시 강서구,강서구,,,공진,False,True,False,1354.0,3.0,3.0,10.0,8.0,0,2.8417948133718576,57
초등학교,개화초등학교,서울특별시 강서구 양천로 11 (방화동),,37.57394373,126.8046464,서울특별시 강서구청,서울특별시 강서경찰서,Y,2,,,20,2026-07-01,3150000,서울특별시 강서구,강서구,20.0,2.0,개화,False,True,False,71.0,0.0,0.0,5.0,101.0,0,-3.3465012307459543,583
초등학교,가양초등학교,서울특별시 강서구 허준로 186 (가양동),,37.56221719,126.8585216,서울특별시 강서구청,서울특별시 강서경찰서,Y,1,,,7,2026-07-01,3150000,서울특별시 강서구,강서구,7.0,1.0,가양,False,True,False,129.0,0.0,0.0,10.0,37.0,0,-2.291779795658391,509
초등학교,화곡초등학교,서울특별시 강서구 초록마을로 28 (화곡동),,37.54366962,126.8464717,서울특별시 강서구청,서울특별시 강서경찰서,Y,2,,,10,2026-07-01,3150000,서울특별시 강서구,강서구,10.0,2.0,화곡,False,True,False,445.0,11.0,15.0,14.0,188.0,0,5.454047048747999,14
초등학교,우장초등학교,서울특별시 강서구 화곡로 263 (화곡동),,37.54963819,126.8459842,서울특별시 강서구청,서울특별시 강서경찰서,Y,1,,,4,2026-07-01,3150000,서울특별시 강서구,강서구,4.0,1.0,우장,True,True,False,780.0,0.0,4.0,0.0,176.0,0,-2.0256696426916427,490
초등학교,신정초등학교,서울특별시 강서구 곰달래로31가길 27 (화곡동),,37.53207171,126.8523579,서울특별시 강서구청,서울특별시 강서경찰서,Y,1,,,6,2026-07-01,3150000,서울특별시 강서구,강서구,6.0,1.0,신정,False,True,False,953.0,8.0,21.0,19.0,221.0,0,6.7006912106704934,5
초등학교,신월초등학교,서울특별시 강서구 강서로31길 48 (화곡동),,37.54036551,126.8394555,서울특별시 강서구청,서울특별시 강서경찰서,Y,1,,,6,2026-07-01,3150000,서울특별시 강서구,강서구,6.0,1.0,신월,False,True,False,556.0,3.0,3.0,10.0,380.0,0,1.5707183408435648,126
초등학교,송정초등학교,서울특별시 강서구 공항대로3길 18 (공항동),,37.56223089,126.8102813,서울특별시 강서구청,서울특별시 강서경찰서,Y,1,,,10,2026-07-01,3150000,서울특별시 강서구,강서구,10.0,1.0,송정,False,True,False,544.0,0.0,0.0,12.0,414.0,0,0.5864615682560861,219
초등학교,치현초등학교,서울특별시 강서구 방화대로47길 43 (방화동),,37.57591915,126.8146456,서울특별시 강서구청,서울특별시 강서경찰서,Y,2,,,10,2026-07-01,3150000,서울특별시 강서구,강서구,10.0,2.0,치현,False,True,False,382.0,0.0,0.0,7.0,113.0,0,-1.928442463440004,481
초등학교,정곡초등학교,서울특별시 강서구 방화대로50길 22 (방화동),,37.5769597,126.8189328,서울특별시 강서구청,서울특별시 강서경찰서,Y,1,,,20,2026-07-01,3150000,서울특별시 강서구,강서구,20.0,1.0,정곡,True,True,False,95.0,0.0,0.0,5.0,21.0,0,-3.5237103318866576,592
초등학교,신곡초등학교,서울특별시 강서구 등촌로13자길 42-14 (화곡동),,37.53909546,126.8560096,서울특별시 강서구청,서울특별시 강서경찰서,Y,1,,,6,2026-07-01,3150000,서울특별시 강서구,강서구,6.0,1.0,신곡,False,True,False,457.0,0.0,7.0,13.0,55.0,0,-0.5874352093954298,341
초등학교,삼정초등학교,서울특별시 강서구 금낭화로 222 (방화동),,37.58050843,126.8104937,서울특별시 강서구청,서울특별시 강서경찰서,Y,1,,,18,2026-07-01,3150000,서울특별시 강서구,강서구,18.0,1.0,삼정,True,True,False,157.0,0.0,0.0,4.0,14.0,0,-3.571995246257224,596
초등학교,백석초등학교,서울특별시 강서구 공항대로 491 (등촌동),,37.55364765,126.8624258,서울특별시 강서구청,서울특별시 강서경찰서,Y,1,,,6,2026-07-01,3150000,서울특별시 강서구,강서구,6.0,1.0,백석,False,True,False,453.0,0.0,0.0,8.0,121.0,0,-1.4710708311609761,445
초등학교,방화초등학교,서울특별시 강서구 양천로6길 92 (방화동),,37.56870373,126.8074982,서울특별시 강서구청,서울특별시 강서경찰서,Y,1,,,10,2026-07-01,3150000,서울특별시 강서구,강서구,10.0,1.0,방화,False,True,False,383.0,0.0,0.0,7.0,66.0,0,-2.0725379417501824,492
초등학교,발산초등학교,서울특별시 강서구 강서로45길 113 (내발산동),,37.55026244,126.8309944,서울특별시 강서구청,서울특별시 강서경찰서,Y,2,,,10,2026-07-01,3150000,서울특별시 강서구,강서구,10.0,2.0,발산,False,True,False,790.0,0.0,7.0,8.0,44.0,0,-0.6835175877015872,357
초등학교,가곡초등학교,서울특별시 강서구 공항대로36길 74 (내발산동),,37.55570761,126.8361031,서울특별시 강서구청,서울특별시 강서경찰서,Y,1,,,4,2026-07-01,3150000,서울특별시 강서구,강서구,4.0,1.0,가곡,False,True,False,620.0,3.0,3.0,2.0,55.0,0,-0.9763408411081755,387
초등학교,양진초등학교,서울특별시 광진구 워커힐로 32,서울특별시 광진구 광장동 414-1,37.5445752,127.0983114,서울특별시 광진구청,서울광진경찰서,Y,5,,,,2026-07-16,3040000,서울특별시 광진구,광진구,,5.0,양진,False,False,True,1236.0,0.0,8.0,0.0,92.0,1,1.1961412285983055,160
초등학교,광진초등학교,서울특별시 광진구 자양로 40길 41,서울특별시 광진구 구의동 60-44,37.547682,127.0913325,서울특별시 광진구청,서울광진경찰서,Y,7,,,,2026-07-16,3040000,서울특별시 광진구,광진구,,7.0,광진,False,False,True,480.0,0.0,0.0,5.0,221.0,1,0.3705355099595209,241
초등학교,중마초등학교,서울특별시 광진구 동일로 72길 43,서울특별시 광진구 중곡동 191-69,37.5657908,127.0790239,서울특별시 광진구청,서울광진경찰서,Y,6,,,,2026-07-16,3040000,서울특별시 광진구,광진구,,6.0,중마,False,False,True,252.0,0.0,0.0,6.0,281.0,1,0.07807120790898514,268
초등학교,중광초등학교,서울특별시 광진구 긴고랑로13길 59,서울특별시 광진구 중곡동 220-22,37.5652421,127.082693,서울특별시 광진구청,서울광진경찰서,Y,9,,,,2026-07-16,3040000,서울특별시 광진구,광진구,,9.0,중광,True,False,False,224.0,0.0,0.0,9.0,291.0,1,0.6707505260287523,209
초등학교,용곡초등학교,서울특별시 광진구 용마산로22길 82,서울특별시 광진구 중곡동 176-1,37.5671086,127.088453,서울특별시 광진구청,서울광진경찰서,Y,9,,,,2026-07-16,3040000,서울특별시 광진구,광진구,,9.0,용곡,False,False,True,310.0,0.0,0.0,5.0,117.0,1,-0.4739591028723322,332
초등학교,신양초등학교,서울특별시 광진구 능동로 42,서울특별시 광진구 자양동 504,37.5346821,127.0699953,서울특별시 광진구청,서울광진경찰서,Y,5,,,,2026-07-16,3040000,서울특별시 광진구,광진구,,5.0,신양,False,False,True,419.0,8.0,8.0,9.0,115.0,1,4.6757283496332,25
초등학교,세종초등학교,서울특별시 광진구 군자로 114,서울특별시 광진구 군자동 98,37.5530111,127.0728646,서울특별시 광진구청,서울광진경찰서,Y,2,,,,2026-07-16,3040000,서울특별시 광진구,광진구,,2.0,세종,False,False,True,336.0,0.0,0.0,0.0,131.0,1,-1.42882751885138,438
초등학교,성자초등학교,서울특별시 광진구 뚝섬로56길 7,서울특별시 광진구 자양동 662,37.5314936,127.0834083,서울특별시 광진구청,서울광진경찰서,Y,8,,,,2026-07-16,3040000,서울특별시 광진구,광진구,,8.0,성자,False,False,True,420.0,0.0,3.0,3.0,94.0,1,-0.6414383672637982,349
초등학교,구남초등학교,서울특별시 광진구 구의강변로 69,서울특별시 광진구 구의동 587-95,37.5370966,127.0922888,서울특별시 광진구청,서울광진경찰서,Y,10,,,,2026-07-16,3040000,서울특별시 광진구,광진구,,10.0,구남,True,False,False,644.0,0.0,0.0,0.0,454.0,1,0.5225305399673578,227
초등학교,광남초등학교,서울특별시 광진구 아차산로 70길 35,서울특별시 광진구 광장동 554,37.5407881,127.1006653,서울특별시 광진구청,서울광진경찰서,Y,3,,,,2026-07-16,3040000,서울특별시 광진구,광진구,,3.0,광남,True,False,False,1160.0,0.0,8.0,0.0,201.0,1,1.305424034308035,146
초등학교,경복초등학교,서울특별시 광진구 천호대로130길 58,서울특별시 광진구 능동 25,37.5498139,127.0867934,서울특별시 광진구청,서울광진경찰서,Y,4,,,,2026-07-16,3040000,서울특별시 광진구,광진구,,4.0,경복,False,False,True,734.0,0.0,0.0,0.0,58.0,1,-0.44256075373503534,329
초등학교,성동초등학교,서울특별시 광진구 자양로4길 63,서울특별시 광진구 자양동 694-1,37.5332814,127.089281,서울특별시 광진구청,서울광진경찰서,Y,4,,,,2026-07-16,3040000,서울특별시 광진구,광진구,,4.0,성동,True,False,False,679.0,0.0,0.0,0.0,365.0,1,0.3507195058290222,245
초등학교,용마초등학교,서울특별시 광진구 천호대로 113길 10,서울특별시 광진구 중곡동 135-1,37.5578274,127.0835274,서울특별시 광진구청,서울광진경찰서,Y,10,,,,2026-07-16,3040000,서울특별시 광진구,광진구,,10.0,용마,False,False,True,736.0,0.0,3.0,9.0,330.0,1,2.3556295284036293,84
초등학교,양남초등학교,서울특별시 광진구 뚝섬로 64길 71,서울특별시 광진구 자양동 692,37.5311232,127.0892343,서울특별시 광진구청,서울광진경찰서,Y,4,,,,2026-07-16,3040000,서울특별시 광진구,광진구,,4.0,양남,False,False,True,200.0,0.0,0.0,8.0,175.0,1,0.018710188758952695,275
초등학교,장안초등학교,서울특별시 광진구 군자로 74,서울특별시 광진구 군자동 365,37.5498765,127.0724025,서울특별시 광진구청,서울광진경찰서,Y,6,,,,2026-07-16,3040000,서울특별시 광진구,광진구,,6.0,장안,False,False,True,424.0,0.0,0.0,10.0,238.0,1,1.3308898404341543,142
초등학교,자양초등학교,서울특별시 광진구 아차산로 44길 26,서울특별시 광진구 자양동 222-6,37.536965,127.0797396,서울특별시 광진구청,서울광진경찰서,Y,5,,,,2026-07-16,3040000,서울특별시 광진구,광진구,,5.0,자양,False,False,True,307.0,0.0,0.0,7.0,72.0,1,-0.19277838526150726,304
초등학교,신자초등학교,서울특별시 광진구 뚝섬로46길 64,서울특별시 광진구 자양동 591,37.5302455,127.0755876,서울특별시 광진구청,서울광진경찰서,Y,7,,,,2026-07-16,3040000,서울특별시 광진구,광진구,,7.0,신자,True,False,False,236.0,0.0,0.0,6.0,190.0,1,-0.25566873923304323,311
초등학교,동자초등학교,서울특별시 광진구 뚝섬로 561,서울특별시 광진구 자양동 516-4,37.5350582,127.0721792,서울특별시 광진구청,서울광진경찰서,Y,3,,,,2026-07-16,3040000,서울특별시 광진구,광진구,,3.0,동자,True,False,False,946.0,8.0,8.0,2.0,86.0,1,4.684213934829109,24
초등학교,동의초등학교,서울특별시 광진구 영화사로 111,서울특별시 광진구 구의동 4-5,37.5534224,127.0990473,서울특별시 광진구청,서울광진경찰서,Y,7,,,,2026-07-16,3040000,서울특별시 광진구,광진구,,7.0,동의,False,False,True,438.0,0.0,3.0,10.0,31.0,1,0.7255456561287876,204
초등학교,구의초등학교,서울특별시 광진구 광나루로30길 49,서울특별시 광진구 화양동 303-9,37.5430074,127.0803118,서울특별시 광진구청,서울광진경찰서,Y,7,,,,2026-07-16,3040000,서울특별시 광진구,광진구,,7.0,구의,False,False,True,443.0,0.0,0.0,16.0,65.0,1,2.14092585198619,92
초등학교,광장초등학교,서울특별시 광진구 광장로1길 27,서울특별시 광진구 광장동 389-1,37.5485492,127.1017999,서울특별시 광진구청,서울광진경찰서,Y,5,,,,2026-07-16,3040000,서울특별시 광진구,광진구,,5.0,광장,True,False,False,213.0,0.0,5.0,10.0,89.0,1,0.22036475242776699,259
초등학교,탑동초등학교,서울특별시 금천구 탑골로 47-3,서울특별시 금천구 시흥동 230,37.452518,126.915368,서울특별시 금천구청,서울금천경찰서,Y,1,,,6~10,2026-06-30,3170000,서울특별시 금천구,금천구,,1.0,탑동,False,False,True,366.0,0.0,3.0,15.0,214.0,1,2.1567766150568324,91
초등학교,정심초등학교,서울특별시 금천구 독산로78다길 89,서울특별시 금천구 독산동 182-44,37.471992,126.908215,서울특별시 금천구청,서울금천경찰서,Y,1,,,6~10,2026-06-30,3170000,서울특별시 금천구,금천구,,1.0,정심,False,True,False,244.0,0.0,0.0,13.0,227.0,0,-0.6990768790687567,360
초등학교,영남초등학교,"서울특별시 금천구 독산로102길 80(독산동, 쌍용프라임빌)",서울특별시 금천구 독산동 892-1,37.476128,126.907946,서울특별시 금천구청,서울금천경찰서,Y,1,,,4~20,2026-06-30,3170000,서울특별시 금천구,금천구,,1.0,영남,False,True,False,172.0,0.0,4.0,4.0,532.0,0,-1.9044543782903594,479
초등학교,안천초등학교,서울특별시 금천구 한내로 69-16,서울특별시 금천구 독산동 1090,37.458745,126.888356,서울특별시 금천구청,서울금천경찰서,Y,1,,,10~20,2026-06-30,3170000,서울특별시 금천구,금천구,,1.0,안천,False,True,False,160.0,0.0,0.0,4.0,9.0,0,-3.578492364919356,597
초등학교,신흥초등학교,서울특별시 금천구 독산로36나길 21,서울특별시 금천구 시흥동 704-56,37.459375,126.9093508,서울특별시 금천구청,서울금천경찰서,Y,1,,,4~12,2026-06-30,3170000,서울특별시 금천구,금천구,,1.0,신흥,False,True,False,398.0,0.0,0.0,10.0,66.0,0,-1.3799177570286816,434
초등학교,시흥초등학교,서울특별시 금천구 독산로23길 26,서울특별시 금천구 시흥동 841-19,37.455339,126.904641,서울특별시 금천구청,서울금천경찰서,Y,1,,,4~10,2026-06-30,3170000,서울특별시 금천구,금천구,,1.0,시흥,False,True,False,343.0,0.0,0.0,15.0,794.0,0,1.8094903725729066,105
초등학교,백산초등학교,서울특별시 금천구 시흥대로38길 78,서울특별시 금천구 시흥동 438-5,37.446787,126.905144,서울특별시 금천구청,서울금천경찰서,Y,1,,,6~12,2026-06-30,3170000,서울특별시 금천구,금천구,,1.0,백산,False,True,False,204.0,0.0,0.0,6.0,199.0,0,-2.4181146502400193,523
초등학교,문성초등학교,서울특별시 금천구 시흥대로 460,서울특별시 금천구 독산동 982,37.474912,126.899464,서울특별시 금천구청,서울금천경찰서,Y,1,,,4~10,2026-06-30,3170000,서울특별시 금천구,금천구,,1.0,문성,False,True,False,335.0,0.0,4.0,11.0,598.0,0,0.308986850183659,250
초등학교,문백초등학교,서울특별시 금천구 시흥대로47길 43-1,서울특별시 금천구 시흥동 564-5,37.447009,126.898698,서울특별시 금천구청,서울금천경찰서,Y,1,,,6~14,2026-06-30,3170000,서울특별시 금천구,금천구,,1.0,문백,False,True,False,446.0,0.0,0.0,8.0,112.0,0,-1.5206141660685533,452
초등학교,문교초등학교,서울특별시 금천구 독산로54길 102,서울특별시 금천구 독산동 산 202-1,37.46672027,126.908816,서울특별시 금천구청,서울금천경찰서,Y,1,,,6~10,2026-06-30,3170000,서울특별시 금천구,금천구,,1.0,문교,False,True,False,232.0,0.0,4.0,7.0,258.0,0,-1.9323209289229861,482
초등학교,두산초등학교,서울특별시 금천구 범안로11길 3,서울특별시 금천구 독산동 1002-5,37.46754839,126.8909461,서울특별시 금천구청,서울금천경찰서,Y,1,,,6~10,2026-06-30,3170000,서울특별시 금천구,금천구,,1.0,두산,False,True,False,542.0,0.0,0.0,12.0,508.0,0,0.8746525248764434,189
초등학교,동광초등학교,서울특별시 금천구 탑골로10길 45,서울특별시 금천구 시흥동 산 100-4,37.451936,126.9158199,서울특별시 금천구청,서울금천경찰서,Y,1,,,6~14,2026-06-30,3170000,서울특별시 금천구,금천구,,1.0,동광,False,False,True,469.0,0.0,3.0,0.0,214.0,1,-0.7630148896634397,368
초등학교,독산초등학교,서울특별시 금천구 시흥대로104길 31,서울특별시 금천구 독산동 1034,37.465657,126.899713,서울특별시 금천구청,서울금천경찰서,Y,1,,,4~8,2026-06-30,3170000,서울특별시 금천구,금천구,,1.0,독산,False,True,False,421.0,0.0,4.0,15.0,1162.0,0,3.199705577810897,42
초등학교,금천초등학교,서울특별시 금천구 탑골로5길 60,서울특별시 금천구 시흥동 216,37.45481034,126.912875,서울특별시 금천구청,서울금천경찰서,Y,1,,,6~10,2026-06-30,3170000,서울특별시 금천구,금천구,,1.0,금천,False,True,False,117.0,0.0,0.0,5.0,56.0,0,-3.3469815966890883,584
초등학교,금산초등학교,서울특별시 금천구 시흥대로24길 57,서울특별시 금천구 시흥동 653-27,37.441443,126.908087,서울특별시 금천구청,서울금천경찰서,Y,1,,,6~10,2026-06-30,3170000,서울특별시 금천구,금천구,,1.0,금산,False,True,False,227.0,0.0,0.0,0.0,57.0,0,-4.086157253104245,601
초등학교,금동초등학교,서울특별시 금천구 금하로30길 53,서울특별시 금천구 시흥동 1013-1,37.44773848,126.916399,서울특별시 금천구청,서울금천경찰서,Y,1,,,6~12,2026-06-30,3170000,서울특별시 금천구,금천구,,1.0,금동,False,False,True,485.0,0.0,3.0,2.0,51.0,1,-0.793275317975324,375
초등학교,금나래초등학교,서울특별시 금천구 시흥대로79길 37,서울특별시 금천구 독산동 1153,37.458229,126.896205,서울특별시 금천구청,서울금천경찰서,Y,1,,,10~20,2026-06-30,3170000,서울특별시 금천구,금천구,,1.0,금나래,False,False,True,763.0,0.0,0.0,11.0,119.0,1,2.208665819046556,89
초등학교,가산초등학교,서울특별시 금천구 남부순환로 1304-11,서울특별시 금천구 독산동 143-23,37.478165,126.8963297,서울특별시 금천구청,서울금천경찰서,Y,1,,,4~12,2026-06-30,3170000,서울특별시 금천구,금천구,,1.0,가산,False,True,False,248.0,0.0,0.0,0.0,207.0,0,-3.552438381462296,593
초등학교,개원초등학교,서울특별시 강남구 자곡로 150,,37.47219072,127.0996009,서울특별시 강남구청,수서경찰서,Y,2,,,9,2026-07-02,3220000,서울특별시 강남구,강남구,9.0,2.0,개원,False,True,False,934.0,0.0,0.0,8.0,13.0,0,-0.3410412901008555,322
초등학교,자곡초등학교,서울특별시 강남구 자곡로 150,,37.472191,127.0996009,서울특별시 강남구청,수서경찰서,Y,2,,,25,2026-07-02,3220000,서울특별시 강남구,강남구,25.0,2.0,자곡,False,True,False,509.0,0.0,0.0,13.0,13.0,0,-0.560209363313642,336
초등학교,율현초등학교,서울특별시 강남구 밤고개로21길 15,,37.474559,127.108267,서울특별시 강남구청,수서경찰서,Y,1,,,8,2026-07-02,3220000,서울특별시 강남구,강남구,8.0,1.0,율현,True,True,False,795.0,0.0,0.0,11.0,27.0,0,-0.07464406857471706,292
초등학교,세명초등학교,서울특별시 강남구 자곡로 55,,37.468857,127.0910762,서울특별시 강남구청,수서경찰서,Y,2,,,25,2026-07-02,3220000,서울특별시 강남구,강남구,25.0,2.0,세명,False,True,False,568.0,0.0,2.0,7.0,2.0,0,-1.7082338650700308,461
초등학교,양전초등학교,서울특별시 강남구 개포로 513,,37.49028366,127.069478,서울특별시 강남구청,수서경찰서,Y,4,,,15,2026-07-02,3220000,서울특별시 강남구,강남구,15.0,4.0,양전,False,True,False,207.0,0.0,0.0,7.0,55.0,0,-2.644181602182202,545
초등학교,대치초등학교,서울특별시 강남구 양재천로 363,,37.49127879,127.0621966,서울특별시 강남구청,수서경찰서,Y,3,,,8.8,2026-07-02,3220000,서울특별시 강남구,강남구,8.8,3.0,대치,False,True,False,1316.0,4.0,11.0,0.0,16.0,0,1.0898349923203938,168
초등학교,대청초등학교,서울특별시 강남구 양재대로55길 28,,37.493117,127.0877676,서울특별시 강남구청,수서경찰서,Y,4,,,14.7,2026-07-02,3220000,서울특별시 강남구,강남구,14.7,4.0,대청,False,True,False,66.0,0.0,0.0,11.0,184.0,0,-1.8082346499411643,470
초등학교,왕북초등학교,서울특별시 강남구 광평로31길 74,,37.4863299,127.086039,서울특별시 강남구청,수서경찰서,Y,3,,,9,2026-07-02,3220000,서울특별시 강남구,강남구,9.0,3.0,왕북,True,True,False,751.0,0.0,0.0,10.0,96.0,0,-0.20853170568980484,306
초등학교,역삼초등학교,서울특별시 강남구 강남대로66길 21,,37.49316115,127.032603,서울특별시 강남구청,수서경찰서,Y,7,,,6.9,2026-07-02,3220000,서울특별시 강남구,강남구,6.9,7.0,역삼,False,True,False,277.0,0.0,0.0,9.0,189.0,0,-1.5797690973251637,455
초등학교,언주초등학교,서울특별시 강남구 남부순환로363길 19,,37.48632308,127.036781,서울특별시 강남구청,수서경찰서,Y,5,,,7.7,2026-07-02,3220000,서울특별시 강남구,강남구,7.7,5.0,언주,False,True,False,1198.0,3.0,7.0,13.0,243.0,0,3.7482105720303163,31
초등학교,압구정초등학교,서울특별시 강남구 압구정로39길 29,,37.53173902,127.0308413,서울특별시 강남구청,강남경찰서,Y,2,,,8.9,2026-07-02,3220000,서울특별시 강남구,강남구,8.9,2.0,압구정,False,True,False,738.0,0.0,0.0,0.0,84.0,0,-2.441900196388571,525
초등학교,수서초등학교,서울특별시 강남구 광평로51길 46,,37.49115058,127.101549,서울특별시 강남구청,수서경찰서,Y,5,,,6.5,2026-07-02,3220000,서울특별시 강남구,강남구,6.5,5.0,수서,False,True,False,114.0,0.0,0.0,8.0,7.0,0,-2.8627121998860012,563
초등학교,대진초등학교,서울특별시 강남구 개포로109길 74,,37.497027,127.0780785,서울특별시 강남구청,수서경찰서,Y,3,,,9,2026-07-02,3220000,서울특별시 강남구,강남구,9.0,3.0,대진,False,True,False,161.0,0.0,0.0,5.0,128.0,0,-2.9872625187017676,571
초등학교,대모초등학교,서울특별시 강남구 광평로20길 27,,37.48059953,127.0859937,서울특별시 강남구청,수서경찰서,Y,2,,,14.5,2026-07-02,3220000,서울특별시 강남구,강남구,14.5,2.0,대모,False,True,False,758.0,0.0,0.0,7.0,6.0,0,-1.115773629725137,408
초등학교,대도초등학교,서울특별시 강남구 선릉로 209,,37.49264543,127.0533776,서울특별시 강남구청,수서경찰서,Y,2,,,28.7,2026-07-02,3220000,서울특별시 강남구,강남구,28.7,2.0,대도,False,True,False,1818.0,0.0,0.0,0.0,21.0,0,0.657343279054373,213
초등학교,구룡초등학교,서울특별시 강남구 개포로 263,,37.48119613,127.051773,서울특별시 강남구청,수서경찰서,Y,3,,,14,2026-07-02,3220000,서울특별시 강남구,강남구,14.0,3.0,구룡,True,True,False,557.0,0.0,0.0,14.0,71.0,0,-0.016500443670539044,278
초등학교,개일초등학교,서울특별시 강남구 개포로 401,,37.48621378,127.057776,서울특별시 강남구청,수서경찰서,Y,2,,,20,2026-07-02,3220000,서울특별시 강남구,강남구,20.0,2.0,개일,False,True,False,785.0,0.0,0.0,0.0,15.0,0,-2.514467553331786,532
초등학교,개포초등학교,서울특별시 강남구 삼성로4길 30,,37.48662512,127.070767,서울특별시 강남구청,수서경찰서,Y,4,,,9,2026-07-02,3220000,서울특별시 강남구,강남구,9.0,4.0,개포,False,True,False,827.0,0.0,0.0,4.0,19.0,0,-1.5113001561843764,449
초등학교,학동초등학교,서울특별시 강남구 선릉로115길 42,,37.51226034,127.0395969,서울특별시 강남구청,강남경찰서,Y,7,,,5.7,2026-07-02,3220000,서울특별시 강남구,강남구,5.7,7.0,학동,False,True,False,376.0,0.0,0.0,0.0,141.0,0,-3.3683770184224855,585
초등학교,일원초등학교,서울특별시 강남구 영동대로4길 20,,37.48978925,127.0763251,서울특별시 강남구청,수서경찰서,Y,3,,,7.6,2026-07-02,3220000,서울특별시 강남구,강남구,7.6,3.0,일원,False,True,False,1277.0,0.0,0.0,6.0,14.0,0,0.2778046613370424,253
초등학교,영희초등학교,서울특별시 강남구 일원로 21,,37.49230166,127.0811312,서울특별시 강남구청,수서경찰서,Y,6,,,9.8,2026-07-02,3220000,서울특별시 강남구,강남구,9.8,6.0,영희,False,True,False,227.0,0.0,0.0,11.0,164.0,0,-1.3794304087795928,433
초등학교,언북초등학교,서울특별시 강남구 삼성로135길 42,,37.52012607,127.0447141,서울특별시 강남구청,강남경찰서,Y,8,,,6,2026-07-02,3220000,서울특별시 강남구,강남구,6.0,8.0,언북,False,True,False,1273.0,6.0,9.0,12.0,210.0,0,5.14350494947532,19
초등학교,신구초등학교,서울특별시 강남구 압구정로18길 28,,37.5233613,127.0239915,서울특별시 강남구청,강남경찰서,Y,8,,,5.5,2026-07-02,3220000,서울특별시 강남구,강남구,5.5,8.0,신구,False,True,False,421.0,0.0,0.0,11.0,368.0,0,-0.14860021379202593,299
초등학교,논현초등학교,서울특별시 강남구 강남대로120길 33,,37.50849066,127.0262217,서울특별시 강남구청,강남경찰서,Y,8,,,6,2026-07-02,3220000,서울특별시 강남구,강남구,6.0,8.0,논현,False,True,False,185.0,0.0,0.0,11.0,706.0,0,0.189268644245302,261
초등학교,포이초등학교,서울특별시 강남구 개포로22길 87,,37.47591562,127.0525106,서울특별시 강남구청,수서경찰서,Y,3,,,14.5,2026-07-02,3220000,서울특별시 강남구,강남구,14.5,3.0,포이,False,True,False,401.0,0.0,0.0,7.0,129.0,0,-1.8203559006864916,472
초등학교,청담초등학교,서울특별시 강남구 압구정로71길 9,,37.52828178,127.0451534,서울특별시 강남구청,강남경찰서,Y,6,,,5.9,2026-07-02,3220000,서울특별시 강남구,강남구,5.9,6.0,청담,False,True,False,419.0,0.0,0.0,0.0,306.0,0,-2.7205454875047907,550
초등학교,삼릉초등학교,서울특별시 강남구 봉은사로63길 22,,37.51325956,127.046914,서울특별시 강남구청,강남경찰서,Y,4,,,5.4,2026-07-02,3220000,서울특별시 강남구,강남구,5.4,4.0,삼릉,False,True,False,416.0,0.0,3.0,5.0,132.0,0,-2.196402776459851,502
초등학교,봉은초등학교,서울특별시 강남구 학동로 610,,37.52008278,127.060981,서울특별시 강남구청,강남경찰서,Y,3,,,6,2026-07-02,3220000,서울특별시 강남구,강남구,6.0,3.0,봉은,False,True,False,471.0,0.0,0.0,0.0,107.0,0,-3.1848558374093217,578
초등학교,도성초등학교,서울특별시 강남구 역삼로 313,,37.50146282,127.0488738,서울특별시 강남구청,수서경찰서,Y,2,,,23.1,2026-07-02,3220000,서울특별시 강남구,강남구,23.1,2.0,도성,True,True,False,1559.0,6.0,14.0,3.0,151.0,0,3.8912383064631997,29
초등학교,도곡초등학교,서울특별시 강남구 선릉로64길 33,,37.4995106,127.0544636,서울특별시 강남구청,수서경찰서,Y,5,,,5.3,2026-07-02,3220000,서울특별시 강남구,강남구,5.3,5.0,도곡,False,True,False,786.0,14.0,29.0,8.0,130.0,0,6.504923687632328,6
초등학교,대현초등학교,서울특별시 강남구 역삼로98길 16,,37.50372276,127.063564,서울특별시 강남구청,수서경찰서,Y,4,,,5.5,2026-07-02,3220000,서울특별시 강남구,강남구,5.5,4.0,대현,True,True,False,1117.0,0.0,3.0,6.0,146.0,0,0.20270274544379374,260
초등학교,대왕초등학교,서울특별시 강남구 헌릉로 618길 8,,37.46462136,127.1055895,서울특별시 강남구청,수서경찰서,Y,2,,,6.1,2026-07-02,3220000,서울특별시 강남구,강남구,6.1,2.0,대왕,False,True,False,418.0,0.0,0.0,5.0,27.0,0,-2.5190325748372113,534
초등학교,대곡초등학교,서울특별시 강남구 남부순환로 3022,,37.49471191,127.0650265,서울특별시 강남구청,수서경찰서,Y,2,,,40,2026-07-02,3220000,서울특별시 강남구,강남구,40.0,2.0,대곡,False,True,False,1174.0,3.0,7.0,4.0,13.0,0,1.0143634469931055,175
초등학교,강빛초등학교,서울특별시 강동구 아리수로93다길 1,서울특별시 강동구 강일동 120-4,37.57434332,127.1707749,서울특별시 강동구청,서울강동경찰서,N,,,,10~13,2026-04-23,3240000,서울특별시 강동구,강동구,,,강빛,False,False,True,1100.0,0.0,0.0,5.0,120.0,1,1.946750392341298,96
초등학교,고현초등학교,서울특별시 강동구 상일로11길 110,서울특별시 강동구 상일동 520-5,37.55380091,127.1660305,서울특별시 강동구청,서울강동경찰서,Y,4,,,15,2026-04-23,3240000,서울특별시 강동구,강동구,15.0,4.0,고현,False,False,True,1220.0,0.0,0.0,7.0,24.0,1,2.4436930294027617,81
초등학교,강솔초등학교,서울특별시 강동구 고덕로97길 80 1,서울특별시 강동구 강일동 694,37.56186818,127.1802689,서울특별시 강동구청,서울강동경찰서,Y,2,,,20,2026-04-23,3240000,서울특별시 강동구,강동구,20.0,2.0,강솔,False,False,True,615.0,0.0,0.0,7.0,11.0,1,0.5563510158582078,221
초등학교,강명초등학교,서울특별시 강동구 상일로 74-1,서울특별시 강동구 상일동 98,37.55470604,127.1733219,서울특별시 강동구청,서울강동경찰서,Y,3,,,20,2026-04-23,3240000,서울특별시 강동구,강동구,20.0,3.0,강명,False,False,True,412.0,0.0,0.0,11.0,56.0,1,0.9400678426488853,185
초등학교,강일초등학교,서울특별시 강동구 아리수로98길 24,서울특별시 강동구 강일동 685,37.56525568,127.1772125,서울특별시 강동구청,서울강동경찰서,Y,3,,,25,2026-04-23,3240000,서울특별시 강동구,강동구,25.0,3.0,강일,False,True,False,492.0,0.0,0.0,4.0,24.0,0,-2.518166672750116,533
초등학교,선사초등학교,서울특별시 강동구 올림픽로 837,서울특별시 강동구 암사2동 186-1,37.5558399,127.128196,서울특별시 강동구청,서울강동경찰서,Y,3,,,10,2026-04-23,3240000,서울특별시 강동구,강동구,10.0,3.0,선사,False,True,False,395.0,0.0,4.0,0.0,104.0,0,-3.426223056861807,588
초등학교,둔촌초등학교,서울특별시 강동구 양재대로88길 27,서울특별시 강동구 둔촌1동 170-2,37.52624852,127.1374348,서울특별시 강동구청,서울강동경찰서,Y,2,,,20,2026-04-23,3240000,서울특별시 강동구,강동구,20.0,2.0,둔촌,False,False,True,1020.0,0.0,3.0,0.0,320.0,1,1.2506676711877618,155
초등학교,신명초등학교,서울특별시 강동구 명일로24길 33,서울특별시 강동구 길동 42,37.5409577,127.149989,서울특별시 강동구청,서울강동경찰서,Y,4,,,10,2026-04-23,3240000,서울특별시 강동구,강동구,10.0,4.0,신명,False,True,False,478.0,0.0,3.0,1.0,116.0,0,-2.919700608125118,566
초등학교,상일초등학교,서울특별시 강동구 천호대로 1477,서울특별시 강동구 상일동 328,37.54757217,127.1726635,서울특별시 강동구청,서울강동경찰서,Y,3,,,6,2026-04-23,3240000,서울특별시 강동구,강동구,6.0,3.0,상일,False,True,False,168.0,0.0,0.0,4.0,429.0,0,-2.2391363697121855,505
초등학교,묘곡초등학교,서울특별시 강동구 동남로79길 46,서울특별시 강동구 고덕1동 498,37.55871279,127.1530934,서울특별시 강동구청,서울강동경찰서,Y,6,,,12,2026-04-23,3240000,서울특별시 강동구,강동구,12.0,6.0,묘곡,False,True,False,1259.0,0.0,0.0,8.0,130.0,0,1.0172602885269306,174
초등학교,명덕초등학교,서울특별시 강동구 양재대로156길 11,서울특별시 강동구 고덕1동 487-15,37.55676233,127.1450815,서울특별시 강동구청,서울강동경찰서,Y,3,,,10,2026-04-23,3240000,서울특별시 강동구,강동구,10.0,3.0,명덕,False,True,False,1613.0,0.0,0.0,7.0,28.0,0,1.5628206445112487,128
초등학교,고일초등학교,서울특별시 강동구 구천면로93길 20,서울특별시 강동구 상일동 125,37.55154262,127.1694101,서울특별시 강동구청,서울강동경찰서,Y,5,,,12,2026-04-23,3240000,서울특별시 강동구,강동구,12.0,5.0,고일,False,True,False,1887.0,0.0,0.0,3.0,78.0,0,1.6932434858829075,118
초등학교,한산초등학교,서울특별시 강동구 풍성로 261,서울특별시 강동구 둔촌2동 149,37.52869458,127.1410769,서울특별시 강동구청,서울강동경찰서,Y,7,,,10,2026-04-23,3240000,서울특별시 강동구,강동구,10.0,7.0,한산,False,True,False,515.0,0.0,0.0,6.0,103.0,0,-1.7694064816651724,464
초등학교,신암초등학교,서울특별시 강동구 올림픽로93길 33-16,서울특별시 강동구 암사2동 517,37.55002367,127.1244044,서울특별시 강동구청,서울강동경찰서,Y,7,,,6,2026-04-23,3240000,서울특별시 강동구,강동구,6.0,7.0,신암,False,True,False,592.0,0.0,4.0,11.0,260.0,0,0.035216294374599943,273
초등학교,명일초등학교,서울특별시 강동구 고덕로38길 8,서울특별시 강동구 암사1동 418-18,37.55454236,127.1425695,서울특별시 강동구청,서울강동경찰서,Y,5,,,7,2026-04-23,3240000,서울특별시 강동구,강동구,7.0,5.0,명일,False,True,False,810.0,0.0,0.0,13.0,145.0,0,0.7717990697089188,199
초등학교,명원초등학교,서울특별시 강동구 명일로 364,서울특별시 강동구 명일2동 39,37.5512241,127.1505002,서울특별시 강동구청,서울강동경찰서,Y,2,,,15,2026-04-23,3240000,서울특별시 강동구,강동구,15.0,2.0,명원,False,True,False,655.0,3.0,12.0,6.0,17.0,0,-0.12603330413935276,297
초등학교,천동초등학교,서울특별시 강동구 성안로 200,서울특별시 강동구 길동 371-1,37.5410159,127.1378287,서울특별시 강동구청,서울강동경찰서,Y,9,,,6,2026-04-23,3240000,서울특별시 강동구,강동구,6.0,9.0,천동,False,True,False,579.0,0.0,0.0,11.0,388.0,0,0.3962792788948697,237
초등학교,위례초등학교,서울특별시 강동구 명일로 23,서울특별시 강동구 둔촌1동 176-2,37.5223146,127.1394366,서울특별시 강동구청,서울강동경찰서,Y,3,,,18,2026-04-23,3240000,서울특별시 강동구,강동구,18.0,3.0,위례,False,False,True,1084.0,0.0,0.0,0.0,0.0,1,0.44415766322949124,233
초등학교,길동초등학교,서울특별시 강동구 양재대로116길 57,서울특별시 강동구 길동 362,37.5380968,127.1435022,서울특별시 강동구청,서울강동경찰서,Y,6,,,6,2026-04-23,3240000,서울특별시 강동구,강동구,6.0,6.0,길동,False,True,False,513.0,4.0,4.0,13.0,246.0,0,2.1618775071127563,90
초등학교,강덕초등학교,서울특별시 강동구 동남로82길 94-54,서울특별시 강동구 고덕2동 222,37.55954748,127.1604836,서울특별시 강동구청,서울강동경찰서,Y,4,,,8,2026-04-23,3240000,서울특별시 강동구,강동구,8.0,4.0,강덕,False,True,False,1102.0,0.0,0.0,8.0,76.0,0,0.36898576687904217,243
초등학교,천호초등학교,서울특별시 강동구 구천면로 310-11,서울특별시 강동구 천호1동 230-9,37.54771897,127.1365923,서울특별시 강동구청,서울강동경찰서,Y,7,,,6,2026-04-23,3240000,서울특별시 강동구,강동구,6.0,7.0,천호,False,True,False,527.0,3.0,3.0,13.0,154.0,0,1.4214756629796996,135
초등학교,성내초등학교,서울특별시 강동구 성내로3길 19,서울특별시 강동구 성내1동 300-3,37.53135786,127.1225001,서울특별시 강동구청,서울강동경찰서,Y,4,,,6,2026-04-23,3240000,서울특별시 강동구,강동구,6.0,4.0,성내,False,True,False,702.0,0.0,3.0,10.0,200.0,0,-0.032490816095613884,284
초등학교,고명초등학교,서울특별시 강동구 고덕로46길 53,서울특별시 강동구 명일1동 296-1,37.55297253,127.1474362,서울특별시 강동구청,서울강동경찰서,Y,4,,,12,2026-04-23,3240000,서울특별시 강동구,강동구,12.0,4.0,고명,False,True,False,842.0,0.0,3.0,0.0,143.0,0,-1.939743561383953,484
초등학교,천일초등학교,서울특별시 강동구 구천면로 266,서울특별시 강동구 천호1동 217-70,37.54436122,127.1334367,서울특별시 강동구청,서울강동경찰서,Y,6,,,8,2026-04-23,3240000,서울특별시 강동구,강동구,8.0,6.0,천일,False,True,False,306.0,6.0,6.0,6.0,260.0,0,1.054799570413638,171
초등학교,성일초등학교,서울특별시 강동구 성내로15길 33,서울특별시 강동구 성내1동 531,37.52970924,127.1284083,서울특별시 강동구청,서울강동경찰서,Y,4,,,10,2026-04-23,3240000,서울특별시 강동구,강동구,10.0,4.0,성일,False,True,False,763.0,6.0,12.0,8.0,161.0,0,2.5709749318452397,72
초등학교,대명초등학교,서울특별시 강동구 상암로 271,서울특별시 강동구 명일2동 234,37.5476037,127.1532701,서울특별시 강동구청,서울강동경찰서,Y,6,,,8,2026-04-23,3240000,서울특별시 강동구,강동구,8.0,6.0,대명,False,True,False,701.0,9.0,9.0,5.0,25.0,0,2.7944076150027923,59
초등학교,고덕초등학교,서울특별시 강동구 아리수로82길 42,서울특별시 강동구 고덕2동 158,37.56129361,127.1660799,서울특별시 강동구청,서울강동경찰서,Y,4,,,6,2026-04-23,3240000,서울특별시 강동구,강동구,6.0,4.0,고덕,False,True,False,704.0,0.0,0.0,9.0,74.0,0,-0.6364793885675162,347
초등학교,강동초등학교,서울특별시 강동구 상암로14길 77,서울특별시 강동구 천호2동 306,37.5463638,127.1301872,서울특별시 강동구청,서울강동경찰서,Y,5,,,4,2026-04-23,3240000,서울특별시 강동구,강동구,4.0,5.0,강동,False,True,False,473.0,0.0,6.0,8.0,227.0,0,-1.0781596266531475,403
초등학교,선린초등학교,서울특별시 강동구 진황도로61길 29,서울특별시 강동구 둔촌2동 91-17,37.52976012,127.145594,서울특별시 강동구청,서울강동경찰서,Y,7,,,8,2026-04-23,3240000,서울특별시 강동구,강동구,8.0,7.0,선린,False,True,False,443.0,0.0,0.0,5.0,143.0,0,-2.0795518318379305,495
초등학교,해누리초등학교,서울특별시 송파구 송파대로37길 95,서울특별시 송파구 가락동 909,37.4982496634,127.102124,서울특별시 송파구청,송파경찰서,Y,2,,,10~15,2026-06-19,3230000,서울특별시 송파구,송파구,,2.0,해누리,False,True,False,698.0,0.0,0.0,6.0,67.0,0,-1.3235444989066831,423
초등학교,풍성초등학교,서울특별시 송파구 강동대로 62,서울특별시 송파구 풍납동 388-6,37.526691,127.113502,서울특별시 송파구청,송파경찰서,Y,3,,,20,2026-06-19,3230000,서울특별시 송파구,송파구,20.0,3.0,풍성,False,True,False,244.0,0.0,0.0,3.0,343.0,0,-2.4920225824884445,530
초등학교,풍납초등학교,서울특별시 송파구 풍성로 43,서울특별시 송파구 풍납동 165,37.534405,127.117204,서울특별시 송파구청,송파경찰서,Y,4,,,5~15,2026-06-19,3230000,서울특별시 송파구,송파구,,4.0,풍납,False,True,False,239.0,0.0,0.0,4.0,107.0,0,-3.030541884519882,573
초등학교,평화초등학교,서울특별시 송파구 송파대로26길 22,서울특별시 송파구 가락동 106,37.491567,127.122824,서울특별시 송파구청,송파경찰서,Y,4,,,8~10,2026-06-19,3230000,서울특별시 송파구,송파구,,4.0,평화,False,True,False,153.0,0.0,0.0,6.0,403.0,0,-1.935097981248924,483
초등학교,토성초등학교,서울특별시 송파구 풍성로20길 44,서울특별시 송파구 풍납동 251,37.531883,127.115633,서울특별시 송파구청,송파경찰서,Y,4,,,6~15,2026-06-19,3230000,서울특별시 송파구,송파구,,4.0,토성,False,True,False,515.0,0.0,0.0,5.0,249.0,0,-1.5279210218124835,453
초등학교,중대초등학교,서울특별시 송파구 송파대로36길 8,서울특별시 송파구 송파동 191,37.499812,127.113606,서울특별시 송파구청,송파경찰서,Y,5,,,6~10,2026-06-19,3230000,서울특별시 송파구,송파구,,5.0,중대,False,True,False,963.0,3.0,3.0,5.0,384.0,0,1.7474682273307707,115
초등학교,잠현초등학교,서울특별시 송파구 올림픽로37길 109,서울특별시 송파구 신천동 17-2,37.522586,127.104723,서울특별시 송파구청,송파경찰서,Y,3,,,11~25,2026-06-19,3230000,서울특별시 송파구,송파구,,3.0,잠현,False,True,False,855.0,0.0,0.0,0.0,165.0,0,-1.831185976490542,475
초등학교,잠전초등학교,서울특별시 송파구 올림픽로12길 51,서울특별시 송파구 잠실동 229,37.507338,127.08385,서울특별시 송파구청,송파경찰서,Y,4,,,6~10,2026-06-19,3230000,서울특별시 송파구,송파구,,4.0,잠전,False,True,False,426.0,3.0,9.0,12.0,307.0,0,1.3765944386881142,139
초등학교,잠일초등학교,서울특별시 송파구 올림픽로 95,서울특별시 송파구 잠실동 19-1,37.514742,127.081636,서울특별시 송파구청,송파경찰서,Y,1,,,15,2026-06-19,3230000,서울특별시 송파구,송파구,15.0,1.0,잠일,False,True,False,1498.0,0.0,6.0,6.0,260.0,0,1.7225407186253565,116
초등학교,잠실초등학교,서울특별시 송파구 올림픽로35길 20(,서울특별시 송파구 신천동 20-2,37.520186,127.111311,서울특별시 송파구청,송파경찰서,Y,1,,,15~28,2026-06-19,3230000,서울특별시 송파구,송파구,,1.0,잠실,False,True,False,1025.0,0.0,0.0,8.0,187.0,0,0.48147788007484627,230
초등학교,잠신초등학교,서울특별시 송파구 잠실로 32,서울특별시 송파구 잠실동 22-4,37.514148,127.087944,서울특별시 송파구청,송파경찰서,Y,1,,,15,2026-06-19,3230000,서울특별시 송파구,송파구,15.0,1.0,잠신,False,True,False,1321.0,0.0,6.0,0.0,108.0,0,-0.5872699434213907,340
초등학교,잠동초등학교,서울특별시 송파구 올림픽로35길 122,서울특별시 송파구 신천동 7-2,37.518338,127.099931,서울특별시 송파구청,송파경찰서,Y,2,,,8~12,2026-06-19,3230000,서울특별시 송파구,송파구,,2.0,잠동,False,True,False,940.0,0.0,0.0,0.0,97.0,0,-1.7846351256055601,466
초등학교,위례솔초등학교,서울특별시 송파구 위례북로2길 10,서울특별시 송파구 거여동 649,37.4870130683,127.150586712,서울특별시 송파구청,송파경찰서,Y,2,,,12,2026-06-19,3230000,서울특별시 송파구,송파구,12.0,2.0,위례솔,False,True,False,1231.0,0.0,0.0,6.0,216.0,0,0.7698212232664956,200
초등학교,위례별초등학교,서울특별시 송파구 위례광장로 243,서울특별시 송파구 장지동 886,37.479087,127.145041,서울특별시 송파구청,송파경찰서,Y,2,,,20~30,2026-06-19,3230000,서울특별시 송파구,송파구,,2.0,위례별,False,True,False,1474.0,0.0,0.0,23.0,30.0,0,4.5946028473804414,26
초등학교,오륜초등학교,서울특별시 송파구 양재대로 1196,서울특별시 송파구 방이동 89-16,37.512424,127.134509,서울특별시 송파구청,송파경찰서,Y,1,,,22,2026-06-19,3230000,서울특별시 송파구,송파구,22.0,1.0,오륜,False,True,False,488.0,0.0,0.0,0.0,0.0,0,-3.467962741787244,589
초등학교,오금초등학교,서울특별시 송파구 위례성대로22길 11,서울특별시 송파구 오금동 7,37.508866,127.132331,서울특별시 송파구청,송파경찰서,Y,3,,,8~35.2,2026-06-19,3230000,서울특별시 송파구,송파구,,3.0,오금,False,True,False,586.0,0.0,0.0,5.0,379.0,0,-0.9042032207869555,382
초등학교,영풍초등학교,서울특별시 송파구 오금로57길 15,서울특별시 송파구 거여동 12,37.496209,127.143015,서울특별시 송파구청,송파경찰서,Y,7,,,7~30,2026-06-19,3230000,서울특별시 송파구,송파구,,7.0,영풍,False,True,False,546.0,3.0,3.0,12.0,317.0,0,1.7741784893819919,113
초등학교,아주초등학교,서울특별시 송파구 올림픽로4길 59,서울특별시 송파구 잠실동 115,37.505827,127.075768,서울특별시 송파구청,송파경찰서,Y,3,,,9~20,2026-06-19,3230000,서울특별시 송파구,송파구,,3.0,아주,False,True,False,364.0,0.0,0.0,0.0,115.0,0,-3.4864055183941534,591
초등학교,신천초등학교,서울특별시 송파구 올림픽로 215,서울특별시 송파구 잠실동 27-5,37.514011,127.095048,서울특별시 송파구청,송파경찰서,Y,1,,,15,2026-06-19,3230000,서울특별시 송파구,송파구,15.0,1.0,신천,False,True,False,358.0,0.0,0.0,13.0,89.0,0,-0.7831655908330255,373
초등학교,신가초등학교,서울특별시 송파구 송이로 75,서울특별시 송파구 가락동 43-1,37.500363,127.119878,서울특별시 송파구청,송파경찰서,Y,3,,,8,2026-06-19,3230000,서울특별시 송파구,송파구,8.0,3.0,신가,False,True,False,536.0,4.0,4.0,5.0,202.0,0,0.3694298875122146,242
초등학교,송파초등학교,서울특별시 송파구 풍성로20길 44,서울특별시 송파구 풍납동 251,37.531883,127.115633,서울특별시 송파구청,송파경찰서,Y,4,,,6,2026-06-19,3230000,서울특별시 송파구,송파구,6.0,4.0,송파,False,True,False,425.0,0.0,0.0,3.0,249.0,0,-2.2338518201154605,504
초등학교,송전초등학교,서울특별시 송파구 석촌호수로 159,서울특별시 송파구 잠실동 44-2,37.508829,127.095127,서울특별시 송파구청,송파경찰서,Y,2,,,23~35,2026-06-19,3230000,서울특별시 송파구,송파구,,2.0,송전,False,True,False,688.0,0.0,0.0,0.0,431.0,0,-1.5081262844503254,448
초등학교,송례초등학교,서울특별시 송파구 위례순환로 439,서울특별시 송파구 장지동 898,37.477891,127.13844,서울특별시 송파구청,송파경찰서,Y,1,,,25,2026-06-19,3230000,서울특별시 송파구,송파구,25.0,1.0,송례,False,True,False,1219.0,0.0,0.0,13.0,14.0,0,1.6100545158191624,122
초등학교,세륜초등학교,서울특별시 송파구 양재대로 1264,서울특별시 송파구 방이동 89-23,37.518558,127.134163,서울특별시 송파구청,송파경찰서,Y,1,,,15~25,2026-06-19,3230000,서울특별시 송파구,송파구,,1.0,세륜,False,True,False,581.0,0.0,0.0,14.0,2.0,0,-0.15927070305423918,300
초등학교,석촌초등학교,서울특별시 송파구 가락로11길 26,서울특별시 송파구 석촌동 267,37.502631,127.105212,서울특별시 송파구청,송파경찰서,Y,3,,,10,2026-06-19,3230000,서울특별시 송파구,송파구,10.0,3.0,석촌,False,True,False,499.0,0.0,3.0,8.0,343.0,0,-0.6356265835477586,346
초등학교,삼전초등학교,서울특별시 송파구 백제고분로28길 19,서울특별시 송파구 삼전동 63,37.50169984,127.093269,서울특별시 송파구청,송파경찰서,Y,3,,,10~35,2026-06-19,3230000,서울특별시 송파구,송파구,,3.0,삼전,False,True,False,480.0,0.0,0.0,15.0,251.0,0,0.5276290258321852,225
초등학교,버들초등학교,서울특별시 송파구 석촌호수로 81,서울특별시 송파구 잠실동 35-6,37.510235,127.088999,서울특별시 송파구청,송파경찰서,Y,1,,,15,2026-06-19,3230000,서울특별시 송파구,송파구,15.0,1.0,버들,False,True,False,842.0,0.0,6.0,0.0,404.0,0,-1.122603770604149,409
초등학교,방이초등학교,서울특별시 송파구 위례성대로10길 4,서울특별시 송파구 방이동 167,37.513432,127.120499,서울특별시 송파구청,송파경찰서,Y,6,,,6~15,2026-06-19,3230000,서울특별시 송파구,송파구,,6.0,방이,False,True,False,499.0,4.0,4.0,9.0,250.0,0,1.2692209433051018,154
초등학교,방산초등학교,서울특별시 송파구 오금로29길 31,서울특별시 송파구 방이동 220,37.509373,127.121876,서울특별시 송파구청,송파경찰서,Y,6,,,8~15,2026-06-19,3230000,서울특별시 송파구,송파구,,6.0,방산,False,True,False,554.0,0.0,4.0,0.0,285.0,0,-2.3742318528981197,518
초등학교,문현초등학교,서울특별시 송파구 충민로 137,서울특별시 송파구 장지동 836,37.482791,127.130257,서울특별시 송파구청,송파경찰서,Y,4,,,10~30,2026-06-19,3230000,서울특별시 송파구,송파구,,4.0,문현,False,True,False,670.0,3.0,3.0,11.0,170.0,0,1.476823650137356,130
초등학교,문정초등학교,서울특별시 송파구 문정로5길 20,서울특별시 송파구 문정동 12,37.489073,127.129014,서울특별시 송파구청,송파경찰서,Y,3,,,8~25,2026-06-19,3230000,서울특별시 송파구,송파구,,3.0,문정,False,True,False,747.0,4.0,4.0,5.0,261.0,0,1.1981826338703936,158
초등학교,문덕초등학교,서울특별시 송파구 송이로34길 60,서울특별시 송파구 문정동 90-3,37.48518,127.127729,서울특별시 송파구청,송파경찰서,Y,5,,,8~15,2026-06-19,3230000,서울특별시 송파구,송파구,,5.0,문덕,False,True,False,434.0,3.0,7.0,4.0,186.0,0,-0.7027095748030712,362
초등학교,마천초등학교,서울특별시 송파구 마천로61다길 24,서울특별시 송파구 마천동 183-4,37.495505,127.15263,서울특별시 송파구청,송파경찰서,Y,5,,,5~12,2026-06-19,3230000,서울특별시 송파구,송파구,,5.0,마천,False,True,False,578.0,3.0,3.0,8.0,209.0,0,0.6712777052930923,208
초등학교,남천초등학교,서울특별시 송파구 성내천로 200,서울특별시 송파구 마천동 90-28,37.50059,127.150111,서울특별시 송파구청,송파경찰서,Y,5,,,6~24,2026-06-19,3230000,서울특별시 송파구,송파구,,5.0,남천,False,True,False,212.0,0.0,0.0,6.0,130.0,0,-2.609721711321448,541
초등학교,거원초등학교,서울특별시 송파구 양산로2길 26,서울특별시 송파구 거여동 296-1,37.487625,127.144936,서울특별시 송파구청,송파경찰서,Y,2,,,8~20,2026-06-19,3230000,서울특별시 송파구,송파구,,2.0,거원,False,True,False,549.0,0.0,0.0,11.0,342.0,0,0.16069330109143276,265
초등학교,거여초등학교,서울특별시 송파구 마천로25길 18,서울특별시 송파구 오금동 108,37.505169,127.140987,서울특별시 송파구청,송파경찰서,Y,3,,,7~31.4,2026-06-19,3230000,서울특별시 송파구,송파구,,3.0,거여,False,True,False,586.0,0.0,0.0,14.0,215.0,0,0.5228520060437276,226
초등학교,개롱초등학교,서울특별시 송파구 문정로 211,서울특별시 송파구 오금동 159,37.497363,127.139888,서울특별시 송파구청,송파경찰서,Y,3,,,8~20,2026-06-19,3230000,서울특별시 송파구,송파구,,3.0,개롱,False,True,False,245.0,0.0,0.0,4.0,217.0,0,-2.667839666313201,547
초등학교,가주초등학교,서울특별시 송파구 오금로40길 37,서울특별시 송파구 가락동 140-6,37.496567,127.12928,서울특별시 송파구청,송파경찰서,Y,2,,,8~15,2026-06-19,3230000,서울특별시 송파구,송파구,,2.0,가주,False,True,False,708.0,4.0,4.0,0.0,122.0,0,-0.4340982698076313,325
초등학교,가원초등학교,서울특별시 송파구 중대로4길 8,서울특별시 송파구 문정동 150-10,37.489442,127.111027,서울특별시 송파구청,송파경찰서,Y,2,,,15,2026-06-19,3230000,서울특별시 송파구,송파구,15.0,2.0,가원,False,True,False,552.0,0.0,0.0,0.0,96.0,0,-2.9720583705715735,569
초등학교,가락초등학교,서울특별시 송파구 송파대로37길 45,서울특별시 송파구 가락동 477,37.500021,127.107604,서울특별시 송파구청,송파경찰서,Y,2,,,10~15,2026-06-19,3230000,서울특별시 송파구,송파구,,2.0,가락,False,True,False,1146.0,0.0,0.0,6.0,364.0,0,0.9737346760688095,179
초등학교,가동초등학교,서울특별시 송파구 중대로20길 47,서울특별시 송파구 가락동 163,37.497412,127.130016,서울특별시 송파구청,송파경찰서,Y,3,,,9~12,2026-06-19,3230000,서울특별시 송파구,송파구,,3.0,가동,False,True,False,641.0,4.0,4.0,2.0,172.0,0,-0.05083839835905679,289
초등학교,원촌,서울특별시 서초구 사평대로45길 26,서울특별시 서초구 반포동 21,37.506186,127.012568,서울특별시 서초구,서초경찰서,Y,,,,,2026-05-08,3210000,서울특별시 서초구,서초구,,,원촌,True,True,False,1095.0,0.0,3.0,12.0,32.0,0,1.0723118766147797,169
초등학교,방배,서울특별시 서초구 방배중앙로13길 26,서울특별시 서초구 방배동 861-1,37.486764,126.987137,서울특별시 서초구,방배경찰서,Y,,,,,2026-05-08,3210000,서울특별시 서초구,서초구,,,방배,False,True,False,843.0,3.0,3.0,14.0,159.0,0,2.617268409866925,71
초등학교,서래,서울특별시 서초구 방배로 260,서울특별시 서초구 방배동 771,37.496405,126.990157,서울특별시 서초구,방배경찰서,Y,,,,,2026-05-08,3210000,서울특별시 서초구,서초구,,,서래,False,True,False,1131.0,0.0,0.0,9.0,71.0,0,0.6574603453523458,212
초등학교,원명,서울특별시 서초구 고무래로 90-6,서울특별시 서초구 서초동 1685-1,37.500776,127.016706,서울특별시 서초구,서초경찰서,Y,,,,,2026-05-08,3210000,서울특별시 서초구,서초구,,,원명,False,True,False,1092.0,0.0,0.0,0.0,1.0,0,-1.6212426739018926,458
초등학교,서원,서울특별시 서초구 고무래로 63,서울특별시 서초구 반포동 30-8,37.502438,127.014621,서울특별시 서초구,서초경찰서,Y,,,,,2026-05-08,3210000,서울특별시 서초구,서초구,,,서원,False,True,False,1614.0,0.0,3.0,12.0,3.0,0,2.5656623215982113,73
초등학교,우솔,서울특별시 서초구 양재대로2길 74,서울특별시 서초구 우면동 774,37.45709422,127.0192756,서울특별시 서초구,서초경찰서,Y,,,,,2026-05-08,3210000,서울특별시 서초구,서초구,,,우솔,False,True,False,365.0,0.0,0.0,8.0,14.0,0,-2.0746692466802434,494
초등학교,계성,서울특별시 서초구 신반포로19길 23,서울특별시 서초구 반포동 6-1,37.504915,126.996824,서울특별시 서초구,방배경찰서,Y,,,,,2026-05-08,3210000,서울특별시 서초구,서초구,,,계성,True,True,False,616.0,0.0,0.0,0.0,123.0,0,-2.692179461286196,549
초등학교,서초,서울특별시 서초구 서운로 178,서울특별시 서초구 서초동 1310-6,37.499048,127.024893,서울특별시 서초구,서초경찰서,Y,,,,,2026-05-08,3210000,서울특별시 서초구,서초구,,,서,True,True,False,837.0,0.0,0.0,8.0,636.0,0,1.3133763645714844,144
초등학교,신동,서울특별시 서초구 나루터로 15,서울특별시 서초구 잠원동 54-5,37.517128,127.011389,서울특별시 서초구,서초경찰서,Y,,,,,2026-05-08,3210000,서울특별시 서초구,서초구,,,신동,False,True,False,1201.0,0.0,0.0,0.0,44.0,0,-1.1539173991041938,412
초등학교,반원,서울특별시 서초구 잠원로3길28,서울특별시 서초구 잠원동 72,37.510312,127.0040022,서울특별시 서초구,서초경찰서,Y,,,,,2026-05-08,3210000,서울특별시 서초구,서초구,,,반원,False,True,False,1247.0,0.0,0.0,0.0,54.0,0,-0.9822035562623115,388
초등학교,매헌,서울특별시 서초구 언남길 8,서울특별시 서초구 양재동 311-1,37.471264,127.042077,서울특별시 서초구,서초경찰서,Y,,,,,2026-05-08,3210000,서울특별시 서초구,서초구,,,매헌,False,True,False,409.0,3.0,3.0,0.0,379.0,0,-1.0372195223166767,397
초등학교,잠원,서울특별시 서초구 신반포로16길 15-25,서울특별시 서초구 반포동 17,37.501859,126.998053,서울특별시 서초구,방배경찰서,Y,,,,,2026-05-08,3210000,서울특별시 서초구,서초구,,,잠원,True,True,False,1924.0,0.0,0.0,0.0,22.0,0,0.9840178940979176,177
초등학교,방일,서울특별시 서초구 방배로18길 52,서울특별시 서초구 방배동 167-4,37.485204,126.998851,서울특별시 서초구,서초경찰서,Y,,,,,2026-05-08,3210000,서울특별시 서초구,서초구,,,방일,True,True,False,863.0,0.0,0.0,6.0,40.0,0,-0.9044466838933178,383
초등학교,양재,서울특별시 서초구 바우뫼로18길 14,서울특별시 서초구 양재동 101,37.474164,127.031894,서울특별시 서초구,서초경찰서,Y,,,,,2026-05-08,3210000,서울특별시 서초구,서초구,,,양재,True,True,False,308.0,0.0,0.0,9.0,98.0,0,-1.7700509394801138,465
초등학교,신중,서울특별시 서초구 남부순환로317길15,서울특별시 서초구 서초동 1466-5,37.48015788,127.0093433,서울특별시 서초구,서초경찰서,Y,,,,,2026-05-08,3210000,서울특별시 서초구,서초구,,,신중,False,True,False,749.0,0.0,0.0,5.0,166.0,0,-1.0735395120587703,402
초등학교,서일,서울특별시 서초구 남부순환로339길 38,서울특별시 서초구 서초동 1436-8,37.485296,127.022161,서울특별시 서초구,서초경찰서,Y,,,,,2026-05-08,3210000,서울특별시 서초구,서초구,,,서일,True,True,False,407.0,0.0,0.0,6.0,200.0,0,-1.7953669249039947,468
초등학교,방현,서울특별시 서초구 효령로4길 58,서울특별시 서초구 방배동 산81-1,37.476504,126.990074,서울특별시 서초구,방배경찰서,Y,,,,,2026-05-08,3210000,서울특별시 서초구,서초구,,,방현,False,True,False,141.0,0.0,0.0,0.0,96.0,0,-4.226553714181981,602
초등학교,이수,서울특별시 서초구 방배천로4길 23,서울특별시 서초구 방배동 468-6,37.47832,126.984416,서울특별시 서초구,서초경찰서,Y,,,,,2026-05-08,3210000,서울특별시 서초구,서초구,,,이수,False,True,False,449.0,0.0,0.0,10.0,243.0,0,-0.670098179709028,355
초등학교,우암,서울특별시 서초구 바우뫼로7길 38,서울특별시 서초구 우면동 58,37.472296,127.023722,서울특별시 서초구,서초경찰서,Y,,,,,2026-05-08,3210000,서울특별시 서초구,서초구,,,우암,True,True,False,193.0,0.0,0.0,6.0,101.0,0,-2.758508723424146,552
초등학교,우면,서울특별시 서초구 태봉로 59,서울특별시 서초구 우면동 690,37.464709,127.023746,서울특별시 서초구,서초경찰서,Y,,,,,2026-05-08,3210000,서울특별시 서초구,서초구,,,우면,True,True,False,395.0,0.0,3.0,3.0,61.0,0,-2.9140119369638486,565
초등학교,언남,서울특별시 서초구 헌릉로8길42,서울특별시 서초구 내곡동 395,37.453898,127.06143,서울특별시 서초구,서초경찰서,Y,,,,,2026-05-08,3210000,서울특별시 서초구,서초구,,,언남,False,True,False,732.0,0.0,0.0,15.0,6.0,0,0.5297617225290674,224
초등학교,서이,서울특별시 서초구 서운로 35,서울특별시 서초구 서초동 1334-2,37.491566,127.025619,서울특별시 서초구,서초경찰서,Y,,,,,2026-05-08,3210000,서울특별시 서초구,서초구,,,서이,False,True,False,1201.0,0.0,0.0,0.0,30.0,0,-1.1977486522494705,416
초등학교,서울교대부설,서울특별시 서초구 서초중앙로 96,서울특별시 서초구 서초동 1650,37.49074049,127.0154245,서울특별시 서초구,서초경찰서,Y,,,,,2026-05-08,3210000,서울특별시 서초구,서초구,,,교대부설,False,False,True,0.0,0.0,0.0,0.0,202.0,1,-2.2321132849812084,503
초등학교,조원초등학교,서울특별시 관악구 조원로 67,서울특별시 관악구 신림동 548-2,37.48412777,126.9095056,서울특별시 관악구청,서울관악경찰서,Y,4,,,6~20,2026-05-20,3200000,서울특별시 관악구,관악구,,4.0,조원,False,True,False,354.0,0.0,0.0,8.0,219.0,0,-1.4664297696487347,443
초등학교,원신초등학교,서울특별시 관악구 광신길 177,서울특별시 관악구 신림동 336,37.46719824,126.9272409,서울특별시 관악구청,서울관악경찰서,Y,3,,,4~12,2026-05-20,3200000,서울특별시 관악구,관악구,,3.0,원신,True,True,False,88.0,0.0,0.0,13.0,28.0,0,-1.7982656510437616,469
초등학교,봉현초등학교,서울특별시 관악구 성현로 117,서울특별시 관악구 봉천동 1704,37.49124068,126.9555874,서울특별시 관악구청,서울관악경찰서,Y,4,,,6~20,2026-05-20,3200000,서울특별시 관악구,관악구,,4.0,봉현,True,True,False,603.0,0.0,0.0,9.0,50.0,0,-1.019900990390618,394
초등학교,신성초등학교,서울특별시 관악구 신림로 114,서울특별시 관악구 신림동 117-4,37.47200331,126.9367542,서울특별시 관악구청,서울관악경찰서,Y,3,,,6~15,2026-05-20,3200000,서울특별시 관악구,관악구,,3.0,신성,True,True,False,385.0,3.0,3.0,10.0,246.0,0,0.6292473140228672,216
초등학교,봉천초등학교,서울특별시 관악구 행운1라길 17,서울특별시 관악구 봉천동 28-6,37.4832696,126.9581884,서울특별시 관악구청,서울관악경찰서,Y,5,,,6~12,2026-05-20,3200000,서울특별시 관악구,관악구,,5.0,봉천,True,True,False,519.0,3.0,6.0,12.0,498.0,0,2.258441873609583,88
초등학교,은천초등학교,서울특별시 관악구 은천로 69,서울특별시 관악구 봉천동 622-1,37.4865852,126.9426791,서울특별시 관악구청,서울관악경찰서,Y,5,,,6~20,2026-05-20,3200000,서울특별시 관악구,관악구,,5.0,은천,False,True,False,689.0,3.0,3.0,22.0,387.0,0,4.585932614048094,27
초등학교,신봉초등학교,서울특별시 관악구 양녕로6나길 1,서울특별시 관악구 봉천동 458,37.48557635,126.9493909,서울특별시 관악구청,서울관악경찰서,Y,10,,,5~8,2026-05-20,3200000,서울특별시 관악구,관악구,,10.0,신봉,True,True,False,186.0,0.0,3.0,8.0,217.0,0,-1.985477795067069,488
초등학교,신림초등학교,서울특별시 관악구 문성로28길 31,서울특별시 관악구 신림동 418-20,37.47711985,126.9268767,서울특별시 관악구청,서울관악경찰서,Y,7,,,6~20,2026-05-20,3200000,서울특별시 관악구,관악구,,7.0,신림,False,True,False,364.0,0.0,0.0,4.0,112.0,0,-2.63335035227592,543
초등학교,삼성초등학교,서울특별시 관악구 대학7길 52,서울특별시 관악구 신림동 233-1,37.46852204,126.9404929,서울특별시 관악구청,서울관악경찰서,Y,2,,,6~8,2026-05-20,3200000,서울특별시 관악구,관악구,,2.0,삼성,False,True,False,211.0,0.0,3.0,7.0,248.0,0,-2.0277272691121673,491
초등학교,청룡초등학교,서울특별시 관악구 관악로5길 61,서울특별시 관악구 봉천동 390-3,37.47672527,126.9512846,서울특별시 관악구청,서울관악경찰서,Y,3,,,5~8,2026-05-20,3200000,서울특별시 관악구,관악구,,3.0,청룡,False,True,False,237.0,0.0,0.0,4.0,142.0,0,-2.9270683518689062,567
초등학교,인헌초등학교,서울특별시 관악구 낙성대로 23,서울특별시 관악구 봉천동 212-3,37.47675499,126.9598639,서울특별시 관악구청,서울관악경찰서,Y,3,,,6~30,2026-05-20,3200000,서울특별시 관악구,관악구,,3.0,인헌,False,True,False,587.0,0.0,3.0,4.0,738.0,0,0.007195747739268343,276
초등학교,원당초등학교,서울특별시 관악구 봉천로 505,서울특별시 관악구 봉천동 1669-1,37.48128046,126.9562493,서울특별시 관악구청,서울관악경찰서,Y,4,,,6~25,2026-05-20,3200000,서울특별시 관악구,관악구,,4.0,원당,False,True,False,108.0,3.0,3.0,7.0,218.0,0,-0.9507380047894957,385
초등학교,신우초등학교,서울특별시 관악구 호암로 498,서울특별시 관악구 신림동 315,37.46326397,126.9325353,서울특별시 관악구청,서울관악경찰서,Y,1,,,6~20,2026-05-20,3200000,서울특별시 관악구,관악구,,1.0,신우,False,True,False,254.0,0.0,0.0,3.0,37.0,0,-3.419525543031272,587
초등학교,사당초등학교,서울특별시 관악구 남현4길 51,서울특별시 관악구 남현동 1080-1,37.47383628,126.9733501,서울특별시 관악구청,서울관악경찰서,Y,8,,,4~8,2026-05-20,3200000,서울특별시 관악구,관악구,,8.0,사당,False,True,False,399.0,0.0,0.0,15.0,127.0,0,-0.10782695347787596,293
초등학교,미성초등학교,서울특별시 관악구 문성로 79,서울특별시 관악구 신림동 768-21,37.47833997,126.9123923,서울특별시 관악구청,서울관악경찰서,Y,4,,,6~20,2026-05-20,3200000,서울특별시 관악구,관악구,,4.0,미성,False,True,False,570.0,3.0,7.0,5.0,133.0,0,-0.23791746718858375,308
초등학교,당곡초등학교,서울특별시 관악구 보라매로2길 23,서울특별시 관악구 봉천동 692-8,37.49016812,126.9303698,서울특별시 관악구청,서울관악경찰서,Y,7,,,6~12,2026-05-20,3200000,서울특별시 관악구,관악구,,7.0,당곡,True,True,False,322.0,0.0,0.0,9.0,411.0,0,-0.7473771498180543,365
초등학교,남부초등학교,서울특별시 관악구 남부순환로 163길 14,서울특별시 관악구 신림동 467,37.48511944,126.9221838,서울특별시 관악구청,서울관악경찰서,Y,6,,,6~12,2026-05-20,3200000,서울특별시 관악구,관악구,,6.0,남부,False,True,False,381.0,0.0,0.0,15.0,389.0,0,0.6575022391880747,211
초등학교,난향초등학교,서울특별시 관악구 난향길 9,서울특별시 관악구 신림동 672,37.46282189,126.9183368,서울특별시 관악구청,서울관악경찰서,Y,5,,,6~20,2026-05-20,3200000,서울특별시 관악구,관악구,,5.0,난향,False,True,False,547.0,0.0,0.0,9.0,235.0,0,-0.6116310940557957,344
초등학교,난우초등학교,서울특별시 관악구 난우길 40,서울특별시 관악구 신림동 589-1,37.47711829,126.9176525,서울특별시 관악구청,서울관악경찰서,Y,7,,,5~12,2026-05-20,3200000,서울특별시 관악구,관악구,,7.0,난우,False,True,False,502.0,7.0,16.0,12.0,115.0,0,2.98785530341553,51
초등학교,난곡초등학교,서울특별시 관악구 난곡로35길 102,서울특별시 관악구 신림동 711-136,37.4691282,126.9163416,서울특별시 관악구청,서울관악경찰서,Y,6,,,4~8,2026-05-20,3200000,서울특별시 관악구,관악구,,6.0,난곡,False,True,False,215.0,0.0,0.0,8.0,31.0,0,-2.4792905980629,528
초등학교,구암초등학교,서울특별시 관악구 구암길 1,서울특별시 관악구 봉천동 491-5,37.48921747,126.9462717,서울특별시 관악구청,서울관악경찰서,Y,3,,,6~15,2026-05-20,3200000,서울특별시 관악구,관악구,,3.0,구암,True,True,False,1185.0,3.0,3.0,11.0,85.0,0,2.782639882115247,62
초등학교,관악초등학교,서울특별시 관악구 관악로5길 61,서울특별시 관악구 봉천동 390-3,37.47672527,126.9512846,서울특별시 관악구청,서울관악경찰서,Y,4,,,6~20,2026-05-20,3200000,서울특별시 관악구,관악구,,4.0,관악,False,True,False,413.0,0.0,0.0,15.0,142.0,0,-0.01813269505099524,279
초등학교,영신초등학교,서울특별시 영등포구 도신로60길 23,서울특별시 영등포구 신길1동 121,37.51017349,126.9181211,서울특별시 영등포구청,서울영등포경찰서,Y,1,,,8~9,2026-05-28,3180000,서울특별시 영등포구,영등포구,,1.0,영신,False,True,False,774.0,0.0,0.0,11.0,617.0,0,1.7084318688908247,117
초등학교,당산초등학교,서울특별시 영등포구 선유로55길 32,서울특별시 영등포구 양평동4가 323,37.54012002,126.8962413,서울특별시 영등포구청,서울영등포경찰서,Y,6,,,5~8.5,2026-05-28,3180000,서울특별시 영등포구,영등포구,,6.0,당산,False,True,False,291.0,0.0,0.0,2.0,579.0,0,-1.8253066760004686,474
초등학교,당서초등학교,서울특별시 영등포구 당산로 187,서울특별시 영등포구 당산동5가 5-3,37.53202852,126.8998141,서울특별시 영등포구청,서울영등포경찰서,Y,4,,,8~26,2026-05-28,3180000,서울특별시 영등포구,영등포구,,4.0,당서,False,True,False,1151.0,4.0,4.0,0.0,485.0,0,2.054552455179341,94
초등학교,당중초등학교,서울특별시 영등포구 선유로 131,서울특별시 영등포구 양평동3가 42,37.52628887,126.8894139,서울특별시 영등포구청,서울영등포경찰서,Y,3,,,5~15,2026-05-28,3180000,서울특별시 영등포구,영등포구,,3.0,당중,False,True,False,534.0,3.0,3.0,11.0,442.0,0,1.9132894682434691,98
초등학교,문래초등학교,서울특별시 영등포구 문래로 104,서울특별시 영등포구 문래동3가 77-7,37.51913876,126.8936053,서울특별시 영등포구청,서울영등포경찰서,Y,3,,,6~27,2026-05-28,3180000,서울특별시 영등포구,영등포구,,3.0,문래,False,True,False,901.0,0.0,0.0,10.0,614.0,0,1.8710696766016466,102
초등학교,여의도초등학교,서울특별시 영등포구 여의대방로 439,서울특별시 영등포구 여의도동 40-3,37.52320626,126.936795,서울특별시 영등포구청,서울영등포경찰서,Y,1,,,6~23.5,2026-05-28,3180000,서울특별시 영등포구,영등포구,,1.0,여의도,False,True,False,818.0,0.0,0.0,11.0,130.0,0,0.31803162486316183,249
초등학교,영동초등학교,서울특별시 영등포구 국회대로53길 20,서울특별시 영등포구 당산동 121-22,37.527007,126.907704,서울특별시 영등포구청,서울영등포경찰서,Y,2,,,5~6.3,2026-05-28,3180000,서울특별시 영등포구,영등포구,,2.0,영동,False,True,False,342.0,3.0,3.0,6.0,653.0,0,0.9097879769628348,187
초등학교,영중초등학교,서울특별시 영등포구 양산로 185,서울특별시 영등포구 영등포동7가 53,37.52414258,126.9036935,서울특별시 영등포구청,서울영등포경찰서,Y,7,,,6~9,2026-05-28,3180000,서울특별시 영등포구,영등포구,,7.0,영중,False,True,False,353.0,0.0,3.0,4.0,859.0,0,-0.3282152177629789,320
초등학교,대길초등학교,서울특별시 영등포구 대방천로 206,서울특별시 영등포구 신길동 4482,37.49817578,126.9131719,서울특별시 영등포구청,서울영등포경찰서,Y,2,,,7~14,2026-05-28,3180000,서울특별시 영등포구,영등포구,,2.0,대길,False,True,False,271.0,0.0,0.0,9.0,425.0,0,-0.8592132020842879,380
초등학교,대동초등학교,서울특별시 영등포구 대림로21길 6,서울특별시 영등포구 대림2동 702,37.49370368,126.9001186,서울특별시 영등포구청,서울영등포경찰서,Y,5,,,6.5~19,2026-05-28,3180000,서울특별시 영등포구,영등포구,,5.0,대동,False,True,False,342.0,0.0,0.0,8.0,2311.0,0,5.046584170500768,21
초등학교,대영초등학교,서울특별시 영등포구 신길로23길 43,서울특별시 영등포구 신길5동 341-1,37.50267919,126.9063358,서울특별시 영등포구청,서울영등포경찰서,Y,3,,,5~22,2026-05-28,3180000,서울특별시 영등포구,영등포구,,3.0,대영,False,True,False,928.0,3.0,6.0,12.0,253.0,0,2.739785686965429,66
초등학교,도림초등학교,서울특별시 영등포구 가마산로65길 22,서울특별시 영등포구 신길동 285-1,37.50750302,126.9072907,서울특별시 영등포구청,서울영등포경찰서,Y,4,,,4~9.5,2026-05-28,3180000,서울특별시 영등포구,영등포구,,4.0,도림,False,True,False,240.0,0.0,6.0,4.0,861.0,0,-0.6668635221610058,353
초등학교,도신초등학교,서울특별시 영등포구 도림로53길 32-9,서울특별시 영등포구 대림3동 741-3,37.49926879,126.9007128,서울특별시 영등포구청,서울영등포경찰서,Y,3,,,6~7,2026-05-28,3180000,서울특별시 영등포구,영등포구,,3.0,도신,True,True,False,185.0,3.0,3.0,6.0,795.0,0,0.8751509993488222,188
초등학교,신영초등학교,서울특별시 영등포구 도신로4길 32,서울특별시 영등포구 대림3동 781,37.50100557,126.8960964,서울특별시 영등포구청,서울영등포경찰서,Y,6,,,6.5~8.5,2026-05-28,3180000,서울특별시 영등포구,영등포구,,6.0,신영,False,True,False,364.0,0.0,0.0,8.0,1045.0,0,1.1501371669836806,163
초등학교,영등포초등학교,서울특별시 영등포구 경인로 756,서울특별시 영등포구 문래동1가 35-2,37.51288963,126.899634,서울특별시 영등포구청,서울영등포경찰서,Y,5,,,5~13,2026-05-28,3180000,서울특별시 영등포구,영등포구,,5.0,영등포,False,True,False,262.0,0.0,0.0,6.0,665.0,0,-0.7821266751072513,372
초등학교,윤중초등학교,서울특별시 영등포구 여의나루로2길 14,서울특별시 영등포구 여의도동 38,37.51964065,126.9225902,서울특별시 영등포구청,서울영등포경찰서,Y,2,,,5~14,2026-05-28,3180000,서울특별시 영등포구,영등포구,,2.0,윤중,False,True,False,364.0,0.0,0.0,0.0,171.0,0,-3.311080505813046,582
초등학교,영림초등학교,서울특별시 영등포구 시흥대로173길 14,서울특별시 영등포구 대림2동 993-16,37.487353,126.9025151,서울특별시 영등포구청,서울영등포경찰서,Y,3,,,5.5~6,2026-05-28,3180000,서울특별시 영등포구,영등포구,,3.0,영림,False,True,False,182.0,0.0,0.0,0.0,798.0,0,-1.9035851449755252,478
초등학교,신대림초등학교,서울특별시 영등포구 대림로8길 25,서울특별시 영등포구 대림동 968,37.49215502,126.905821,서울특별시 영등포구청,서울영등포경찰서,Y,5,,,3.7~14,2026-05-28,3180000,서울특별시 영등포구,영등포구,,5.0,신대림,False,True,False,278.0,0.0,0.0,8.0,725.0,0,-0.11421785689079678,294
초등학교,대방초등학교,서울특별시 영등포구 여의대방로35길 14,서울특별시 영등포구 신길7동 1444,37.50290012,126.9190202,서울특별시 영등포구청,서울영등포경찰서,Y,5,,,4.5~8,2026-05-28,3180000,서울특별시 영등포구,영등포구,,5.0,대방,False,True,False,1244.0,0.0,0.0,7.0,181.0,0,0.9155348861593344,186
초등학교,우신초등학교,서울특별시 영등포구 신길로 190,서울특별시 영등포구 신길동 210,37.50986625,126.911892,서울특별시 영등포구청,서울영등포경찰서,Y,6,,,4~5,2026-05-28,3180000,서울특별시 영등포구,영등포구,,6.0,우신,False,True,False,172.0,3.0,3.0,4.0,487.0,0,-0.5600402599799269,335
초등학교,영원초등학교,서울특별시 영등포구 도영로22길 31,서울특별시 영등포구 영등포동 647-2,37.51071936,126.902141,서울특별시 영등포구청,서울영등포경찰서,Y,3,,,7,2026-05-28,3180000,서울특별시 영등포구,영등포구,7.0,3.0,영원,False,True,False,406.0,0.0,0.0,4.0,665.0,0,-0.7738192485809461,370
초등학교,영문초등학교,서울특별시 영등포구 문래로 56,서울특별시 영등포구 문래동6가 13,37.51980714,126.8875909,서울특별시 영등포구청,서울영등포경찰서,Y,2,,,7~11,2026-05-28,3180000,서울특별시 영등포구,영등포구,,2.0,영문,False,True,False,954.0,5.0,5.0,0.0,467.0,0,1.8919949623245924,99
초등학교,선유초등학교,서울특별시 영등포구 선유로43가길 14,서울특별시 영등포구 양평동3가 91,37.532816,126.892794,서울특별시 영등포구청,서울영등포경찰서,Y,4,,,5.8~8,2026-05-28,3180000,서울특별시 영등포구,영등포구,,4.0,선유,False,True,False,259.0,0.0,0.0,0.0,313.0,0,-3.18699787790944,579
초등학교,서울 길음초(삼각산아이원아파트 통학로),서울특별시 강북구 삼양로 19길 113,서울특별시 강북구 미아동 1357,37.61705556,127.0177233,서울특별시 강북구청,강북경찰서,Y,2,,,20,2026-05-06,3080000,서울특별시 강북구,강북구,20.0,2.0,길음삼각산아이원아파트통학로,False,False,True,0.0,0.0,0.0,0.0,402.0,1,-1.6059525257629674,456
초등학교,서울삼각산초등학교,서울특별시 강북구 삼양로19길 141,서울특별시 강북구 미아동 1353-10,37.61614897,127.0145684,서울특별시 강북구청,강북경찰서,Y,3,,,15,2026-05-06,3080000,서울특별시 강북구,강북구,15.0,3.0,삼각산,False,True,False,787.0,0.0,0.0,0.0,20.0,0,-2.492708934139114,531
초등학교,서울송천초등학교,서울특별시 강북구 삼양로20길 29,서울특별시 강북구 미아동 438,37.6149061,127.0237355,서울특별시 강북구청,강북경찰서,Y,6,,,7,2026-05-06,3080000,서울특별시 강북구,강북구,7.0,6.0,송천,False,True,False,357.0,0.0,0.0,8.0,443.0,0,-0.7559728190059809,366
초등학교,서울유현초등학교,서울특별시 강북구 인수봉로37길 24,서울특별시 강북구 수유동 466-52,37.63234744,127.0114196,서울특별시 강북구청,강북경찰서,Y,5,,,20,2026-05-06,3080000,서울특별시 강북구,강북구,20.0,5.0,유현,False,True,False,220.0,0.0,0.0,12.0,88.0,0,-1.4231257036486538,437
초등학교,서울영훈초등학교,서울특별시 강북구 도봉로13가길 19,서울특별시 강북구 미아동 471-2,37.61468169,127.0280938,서울특별시 강북구청,강북경찰서,Y,6,,,15,2026-05-06,3080000,서울특별시 강북구,강북구,15.0,6.0,영훈,False,True,False,676.0,0.0,3.0,0.0,1008.0,0,0.2617199046210028,255
초등학교,서울오현초등학교,서울특별시 강북구 월계로 221,서울특별시 강북구 번동 248,37.62341903,127.0465747,서울특별시 강북구청,강북경찰서,Y,3,,,30,2026-05-06,3080000,서울특별시 강북구,강북구,30.0,3.0,오현,False,True,False,186.0,0.0,0.0,2.0,431.0,0,-2.6091571489633116,540
초등학교,서울번동초등학교,서울특별시 강북구 오현로 204,서울특별시 강북구 번동 236,37.62902557,127.0400394,서울특별시 강북구청,강북경찰서,Y,3,,,20,2026-05-06,3080000,서울특별시 강북구,강북구,20.0,3.0,번동,True,True,False,366.0,7.0,7.0,5.0,188.0,0,1.2920079054631062,148
초등학교,서울우이초등학교,서울특별시 강북구 삼양로99길 36,서울특별시 강북구 수유동 409-6,37.63865468,127.0148082,서울특별시 강북구청,강북경찰서,Y,6,,,7,2026-05-06,3080000,서울특별시 강북구,강북구,7.0,6.0,우이,True,True,False,829.0,0.0,0.0,12.0,476.0,0,1.650476933854534,120
초등학교,서울수유초등학교(수유병설유치원 중복),서울특별시 강북구 삼양로74길 39,서울특별시 강북구 수유동 55-5,37.63125065,127.0202922,서울특별시 강북구청,강북경찰서,Y,8,,,6,2026-05-06,3080000,서울특별시 강북구,강북구,6.0,8.0,수유수유중복,False,False,True,0.0,3.0,3.0,0.0,556.0,1,0.3614915479696148,244
초등학교,서울송중초등학교,서울특별시 강북구 오현로 9,서울특별시 강북구 미아동 94-1,37.61700179,127.0314655,서울특별시 강북구청,강북경찰서,Y,7,,,20,2026-05-06,3080000,서울특별시 강북구,강북구,20.0,7.0,송중,False,True,False,548.0,3.0,3.0,13.0,401.0,0,2.2588825028424955,87
초등학교,서울삼양초등학교,서울특별시 강북구 삼양로49길 17,서울특별시 강북구 미아동 791-1932,37.62329377,127.0161486,서울특별시 강북구청,강북경찰서,Y,6,,,20,2026-05-06,3080000,서울특별시 강북구,강북구,20.0,6.0,삼양,False,True,False,454.0,3.0,7.0,12.0,105.0,0,0.8296364748487162,196
초등학교,서울미양초등학교(미양병설유치원 중복),서울특별시 강북구 솔샘로 195,서울특별시 강북구 미아동 837-687,37.6215317,127.014132,서울특별시 강북구청,강북경찰서,Y,3,,,20,2026-05-06,3080000,서울특별시 강북구,강북구,20.0,3.0,미양미양중복,False,False,True,0.0,0.0,3.0,0.0,175.0,1,-2.316644987475671,512
초등학교,서울화계초등학교,서울특별시 강북구 솔매로50가길 25,서울특별시 강북구 미아동 127-2,37.62388579,127.0297148,서울특별시 강북구청,강북경찰서,Y,7,,,8,2026-05-06,3080000,서울특별시 강북구,강북구,8.0,7.0,화계,False,True,False,408.0,0.0,0.0,9.0,506.0,0,-0.18745298006409783,303
초등학교,서울인수초등학교,서울특별시 강북구 인수봉로 269,서울특별시 강북구 수유동 551-19,37.64305134,127.009137,서울특별시 강북구청,강북경찰서,Y,6,,,20,2026-05-06,3080000,서울특별시 강북구,강북구,20.0,6.0,인수,False,True,False,512.0,0.0,0.0,11.0,235.0,0,-0.28723780901632395,316
초등학교,서울수송초등학교,서울특별시 강북구 한천로 124길 14,서울특별시 강북구 번동 456,37.63732397,127.0332052,서울특별시 강북구청,강북경찰서,Y,9,,,25,2026-05-06,3080000,서울특별시 강북구,강북구,25.0,9.0,수송,False,True,False,419.0,3.0,3.0,8.0,277.0,0,0.39885664655611475,236
초등학교,은석초교,서울특별시 동대문구 장안벚꽃로 205,서울특별시 동대문구 장안동 328,37.57855561,127.0757645,서울특별시 동대문구청,서울동대문경찰서,Y,1,,,,2026-06-17,3050000,서울특별시 동대문구,동대문구,,1.0,은석,False,True,False,689.0,0.0,3.0,0.0,153.0,0,-2.3754374396575724,519
초등학교,삼육초교,서울특별시 동대문구 회기로10길 63,서울특별시 동대문구 회기동 102-48,37.58877033,127.0471736,서울특별시 동대문구청,서울동대문경찰서,Y,2,,,,2026-06-17,3050000,서울특별시 동대문구,동대문구,,2.0,삼육,False,True,False,689.0,0.0,0.0,0.0,151.0,0,-2.3816990472497546,520
초등학교,휘경초교,서울특별시 동대문구 망우로6길 48,서울특별시 동대문구 휘경동 302-2,37.5857622,127.0582128,서울특별시 동대문구청,서울동대문경찰서,Y,5,,,,2026-06-17,3050000,서울특별시 동대문구,동대문구,,5.0,휘경,False,True,False,225.0,0.0,0.0,7.0,143.0,0,-2.313729466216231,511
초등학교,이문초교,서울특별시 동대문구 신이문로 16,서울특별시 동대문구 이문동 164-26,37.60189478,127.0648841,서울특별시 동대문구청,서울동대문경찰서,Y,2,,,,2026-06-17,3050000,서울특별시 동대문구,동대문구,,2.0,이문,False,True,False,922.0,0.0,0.0,13.0,392.0,0,1.8869652192275477,100
초등학교,전동초교,서울특별시 동대문구 전농로16길 61,서울특별시 동대문구 전농동 45-41,37.57908644,127.0608069,서울특별시 동대문구청,서울동대문경찰서,Y,1,,,,2026-06-17,3050000,서울특별시 동대문구,동대문구,,1.0,전동,False,True,False,513.0,0.0,0.0,12.0,280.0,0,0.07231255629051525,270
초등학교,전농초교,서울특별시 동대문구 사가정로 66,서울특별시 동대문구 전농동 298,37.57472977,127.0543327,서울특별시 동대문구청,서울동대문경찰서,Y,2,,,,2026-06-17,3050000,서울특별시 동대문구,동대문구,,2.0,전농,True,True,False,1090.0,0.0,0.0,7.0,778.0,0,2.3145705360851445,85
초등학교,전곡초교,서울특별시 동대문구 전농로 172,서울특별시 동대문구 전농동 188,37.58070438,127.0560126,서울특별시 동대문구청,서울동대문경찰서,Y,1,,,,2026-06-17,3050000,서울특별시 동대문구,동대문구,,1.0,전곡,False,True,False,198.0,0.0,0.0,8.0,227.0,0,-1.9175421558328605,480
초등학교,배봉초교,서울특별시 동대문구 사가정로 193,서울특별시 동대문구 전농동 3-111,37.58008059,127.0668713,서울특별시 동대문구청,서울동대문경찰서,Y,2,,,,2026-06-17,3050000,서울특별시 동대문구,동대문구,,2.0,배봉,False,True,False,375.0,0.0,0.0,7.0,220.0,0,-1.6148125580010013,457
초등학교,홍릉초교,서울특별시 동대문구 회기로 90,서울특별시 동대문구 청량리동 206-44,37.59068743,127.0477047,서울특별시 동대문구청,서울동대문경찰서,Y,1,,,,2026-06-17,3050000,서울특별시 동대문구,동대문구,,1.0,홍릉,False,True,False,210.0,0.0,0.0,4.0,121.0,0,-3.0752273344517387,576
초등학교,청량초교,서울특별시 동대문구 회기로25길 31,서울특별시 동대문구 회기동 1-1,37.59230922,127.055908,서울특별시 동대문구청,서울동대문경찰서,Y,3,,,,2026-06-17,3050000,서울특별시 동대문구,동대문구,,3.0,청량,False,True,False,667.0,0.0,0.0,8.0,695.0,0,0.9792027705024973,178
초등학교,종암초교,서울특별시 동대문구 무학로44길 25,서울특별시 동대문구 제기동 1157,37.58230633,127.0318584,서울특별시 동대문구청,서울동대문경찰서,Y,3,,,,2026-06-17,3050000,서울특별시 동대문구,동대문구,,3.0,종암,False,True,False,411.0,0.0,0.0,6.0,168.0,0,-1.8833434459544809,477
초등학교,장평초교,서울특별시 동대문구 답십리로69길 27,서울특별시 동대문구 장안동 323,37.57399475,127.0738934,서울특별시 동대문구청,서울동대문경찰서,Y,2,,,,2026-06-17,3050000,서울특별시 동대문구,동대문구,,2.0,장평,False,True,False,969.0,6.0,6.0,13.0,1111.0,0,7.252071831873275,2
초등학교,안평초교,서울특별시 동대문구 장한로14길 61,서울특별시 동대문구 장안동 353-1,37.56596984,127.0720337,서울특별시 동대문구청,서울동대문경찰서,Y,2,,,,2026-06-17,3050000,서울특별시 동대문구,동대문구,,2.0,안평,False,True,False,864.0,4.0,7.0,10.0,339.0,0,2.8775639142632827,55
초등학교,신답초교,서울특별시 동대문구 천호대로 177,서울특별시 동대문구 답십리동 463-13,37.57270542,127.0429615,서울특별시 동대문구청,서울동대문경찰서,Y,3,,,,2026-06-17,3050000,서울특별시 동대문구,동대문구,,3.0,신답,False,True,False,522.0,0.0,0.0,4.0,218.0,0,-1.819221733125181,471
초등학교,동답초교,서울특별시 동대문구 답십리로60길 12,서울특별시 동대문구 답십리동 2-24,37.57150295,127.0640336,서울특별시 동대문구청,서울동대문경찰서,Y,2,,,,2026-06-17,3050000,서울특별시 동대문구,동대문구,,2.0,동답,False,True,False,457.0,0.0,0.0,0.0,229.0,0,-2.8456299757717076,561
초등학교,답십리초교,서울특별시 동대문구 전농로3길 23,서울특별시 동대문구 답십리동 274,37.56880432,127.0554295,서울특별시 동대문구청,서울동대문경찰서,Y,5,,,,2026-06-17,3050000,서울특별시 동대문구,동대문구,,5.0,답십리,True,True,False,782.0,0.0,0.0,6.0,1416.0,0,3.1563030309334272,45
초등학교,군자초교,서울특별시 동대문구 한천로6길 21,서울특별시 동대문구 장안동 239-2,37.56412385,127.0605231,서울특별시 동대문구청,서울동대문경찰서,Y,3,,,,2026-06-17,3050000,서울특별시 동대문구,동대문구,,3.0,군자,False,True,False,252.0,0.0,0.0,12.0,1086.0,0,1.7990900882458258,108
초등학교,휘봉초교,서울특별시 동대문구 장안벚꽃로 309,서울특별시 동대문구 휘경동 49-27,37.58567758,127.0700419,서울특별시 동대문구청,서울동대문경찰서,Y,3,,,,2026-06-17,3050000,서울특별시 동대문구,동대문구,,3.0,휘봉,False,True,False,541.0,0.0,0.0,10.0,49.0,0,-0.9966625063887813,390
초등학교,홍파초교,서울특별시 동대문구 고산자로 518,서울특별시 동대문구 제기동 678,37.58620351,127.0395874,서울특별시 동대문구청,서울동대문경찰서,Y,3,,,,2026-06-17,3050000,서울특별시 동대문구,동대문구,,3.0,홍파,False,True,False,188.0,0.0,0.0,7.0,564.0,0,-1.1085961719878317,405
초등학교,용두초교,서울특별시 동대문구 천호대로13길 43,서울특별시 동대문구 용두동 237-1,37.57641471,127.0283873,서울특별시 동대문구청,서울동대문경찰서,Y,3,,,,2026-06-17,3050000,서울특별시 동대문구,동대문구,,3.0,용두,False,True,False,312.0,0.0,0.0,5.0,958.0,0,0.07220194807624725,271
초등학교,한성화교소학교,서울특별시 중구 명동2길 35,서울특별시 중구 명동2가 83-8,37.56222092,126.983765,서울특별시 중구,서울남대문경찰서,Y,1,,,6,2026-05-07,3010000,서울특별시 중구,중구,6.0,1.0,한성화교소학교,False,False,True,0.0,0.0,0.0,0.0,1492.0,1,1.8066236119764454,106
초등학교,동산초등학교,서울특별시 중구 매봉18길 109,서울특별시 중구 신당동 333-579,37.556387,127.017391,서울특별시 중구,서울성동경찰서,Y,1,,,9.5,2026-05-07,3010000,서울특별시 중구,중구,9.5,1.0,동산,False,True,False,530.0,0.0,0.0,0.0,328.0,0,-2.312862492212791,510
초등학교,신당초등학교,서울특별시 중구 난계로 141,서울특별시 중구 신당동 161-2,37.56362522,127.0236739,서울특별시 중구,서울중부경찰서,Y,4,,,25,2026-05-07,3010000,서울특별시 중구,중구,25.0,4.0,신당,False,True,False,233.0,0.0,0.0,7.0,494.0,0,-1.1903989329393538,414
초등학교,흥인초등학교,서울특별시 중구 청구로6길 11,서울특별시 중구 신당동 292-66,37.56087001,127.0145555,서울특별시 중구,서울중부경찰서,Y,3,,,6,2026-05-07,3010000,서울특별시 중구,중구,6.0,3.0,흥인,False,True,False,312.0,5.0,5.0,7.0,626.0,0,1.9394993584181153,97
초등학교,남산초등학교,서울특별시 중구 퇴계로22길 17,서울특별시 중구 남산동2가 2,37.55978501,126.986781,서울특별시 중구,서울남대문경찰서,Y,3,,,6,2026-05-07,3010000,서울특별시 중구,중구,6.0,3.0,남산,False,True,False,185.0,0.0,0.0,6.0,2101.0,0,3.4786804679093986,35
초등학교,장충초등학교,서울특별시 중구 청구로17길40,서울특별시 중구 신당동 386-86,37.55997122,127.0117048,서울특별시 중구,서울중부경찰서,Y,3,,,6,2026-05-07,3010000,서울특별시 중구,중구,6.0,3.0,장충,False,True,False,301.0,5.0,9.0,8.0,762.0,0,2.5473252678959573,75
초등학교,봉래초등학교,서울특별시 중구 손기정로 73,서울특별시 중구 만리동2가 2,37.55641234,126.9652506,서울특별시 중구,서울남대문경찰서,Y,3,,,8,2026-05-07,3010000,서울특별시 중구,중구,8.0,3.0,봉래,False,True,False,359.0,0.0,0.0,10.0,326.0,0,-0.6849484741831823,358
초등학교,충무초등학교,서울특별시 중구 퇴계로50길 13,서울특별시 중구 장충동2가 173-7,37.56194835,127.0012351,서울특별시 중구,서울중부경찰서,Y,1,,,20,2026-05-07,3010000,서울특별시 중구,중구,20.0,1.0,충무,False,True,False,119.0,0.0,0.0,4.0,854.0,0,-1.058107461572718,399
초등학교,광희초등학교,서울특별시 중구 다산로 269,서울특별시 중구 신당동 254,37.56729901,127.0156883,서울특별시 중구,서울중부경찰서,Y,2,,,15,2026-05-07,3010000,서울특별시 중구,중구,15.0,2.0,광희,True,True,False,247.0,0.0,0.0,0.0,3263.0,0,6.012245719286316,10
초등학교,덕수초등학교,서울특별시 중구 덕수궁길 140,서울특별시 중구 정동 1-6,37.56908852,126.9746581,서울특별시 중구,서울남대문경찰서,Y,2,,,8,2026-05-07,3010000,서울특별시 중구,중구,8.0,2.0,덕수,False,True,False,326.0,0.0,0.0,5.0,875.0,0,-0.14492256551381,298
초등학교,리라초등학교,서울특별시 중구 소파로2길7,서울특별시 중구 예장동 8-163,37.5578197,126.9879807,서울특별시 중구,서울중부경찰서,Y,1,,,15,2026-05-07,3010000,서울특별시 중구,중구,15.0,1.0,리라,False,True,False,500.0,0.0,0.0,0.0,1191.0,0,0.2974521806306769,251
초등학교,청구초등학교,서울특별시 중구 다산로 170,서울특별시 중구 신당동 330-2,37.55911668,127.0137244,서울특별시 중구,서울중부경찰서,Y,3,,,6,2026-05-07,3010000,서울특별시 중구,중구,6.0,3.0,청구,False,True,False,366.0,5.0,9.0,8.0,761.0,0,2.742593970996889,65
초등학교,어울초등학교,서울특별시 은평구 통일로 650,서울특별시 은평구 녹번동 281-5,37.606562,126.935058,서울특별시 은평구,서울서부경찰서,Y,6,,,11,2026-05-01,3110000,서울특별시 은평구,은평구,11.0,6.0,어울,False,False,True,374.0,0.0,0.0,4.0,4.0,1,-0.8480046194163504,379
초등학교,은평초등,서울특별시 은평구 은평로 239,서울특별시 은평구 녹번동 40-3,37.6023040359,126.9340336122,서울특별시 은평구,서울서부경찰서,Y,11,,,22,2026-05-01,3110000,서울특별시 은평구,은평구,22.0,11.0,은평,False,False,True,755.0,0.0,4.0,13.0,99.0,1,2.552855131029121,74
초등학교,은명초등,서울특별시 은평구 은평로4길 21-9,서울특별시 은평구 응암동 114-12,37.5976791223,126.9182757471,서울특별시 은평구,서울서부경찰서,Y,22,,,6,2026-05-01,3110000,서울특별시 은평구,은평구,6.0,22.0,은명,False,False,True,940.0,4.0,4.0,13.0,329.0,1,5.818015909272802,12
초등학교,연광초등,서울특별시 은평구 연서로35길 37,서울특별시 은평구 불광동 400-6,37.6236487605,126.9239090052,서울특별시 은평구,서울은평경찰서,Y,17,,,5,2026-05-01,3110000,서울특별시 은평구,은평구,5.0,17.0,연광,False,False,True,152.0,0.0,7.0,12.0,46.0,1,0.33077367147650794,246
초등학교,신도초등,서울특별시 은평구 진관1로 77-23,서울특별시 은평구 진관동 108,37.632938429,126.9291409,서울특별시 은평구,서울은평경찰서,Y,11,,,15,2026-05-01,3110000,서울특별시 은평구,은평구,15.0,11.0,신도,False,False,True,774.0,0.0,0.0,6.0,13.0,1,0.8323164459449428,195
초등학교,수색초등,서울특별시 은평구 수색로16길 21,서울특별시 은평구 수색동 129,37.585172149,126.8960121352,서울특별시 은평구,서울서부경찰서,Y,10,,,6,2026-05-01,3110000,서울특별시 은평구,은평구,6.0,10.0,수색,False,False,True,709.0,0.0,0.0,5.0,96.0,1,0.678161759746863,206
초등학교,서신초등,서울특별시 은평구 은평터널로 150,서울특별시 은평구 신사동 194,37.5922940508,126.9073823162,서울특별시 은평구,서울서부경찰서,Y,18,,,8,2026-05-01,3110000,서울특별시 은평구,은평구,8.0,18.0,서신,False,False,True,363.0,0.0,0.0,4.0,20.0,1,-0.8314870598460795,377
초등학교,구현초등,서울특별시 은평구 갈현로15길 51,서울특별시 은평구 구산동 164,37.6098446154,126.9057801869,서울특별시 은평구,서울은평경찰서,Y,18,,,8,2026-05-01,3110000,서울특별시 은평구,은평구,8.0,18.0,구현,False,False,True,399.0,0.0,0.0,18.0,58.0,1,2.4159328094980506,82
초등학교,은빛초등,서울특별시 은평구 진관3로 73-17,서울특별시 은평구 진관동 23,37.6415344654,126.9218560219,서울특별시 은평구,서울은평경찰서,Y,15,,,12,2026-05-01,3110000,서울특별시 은평구,은평구,12.0,15.0,은빛,False,False,True,396.0,0.0,0.0,19.0,20.0,1,2.5034172593048876,79
초등학교,수리초등,서울특별시 은평구 불광로14길 10-10,서울특별시 은평구 불광동 639,37.6203073699,126.9341109309,서울특별시 은평구,서울은평경찰서,Y,22,,,6,2026-05-01,3110000,서울특별시 은평구,은평구,6.0,22.0,수리,False,False,True,277.0,0.0,0.0,8.0,39.0,1,-0.17205201933913172,302
초등학교,은진초등,서울특별시 은평구 진관1로 21-20,서울특별시 은평구 진관동 104,37.6330440428,126.9209282,서울특별시 은평구,서울은평경찰서,Y,5,,,12,2026-05-01,3110000,서울특별시 은평구,은평구,12.0,5.0,은진,True,False,False,486.0,0.0,0.0,8.0,231.0,1,1.0669930316869614,170
초등학교,진관초등,서울특별시 은평구 진관4로 78-16,서울특별시 은평구 진관동 8,37.6454348264,126.9292166498,서울특별시 은평구,서울은평경찰서,Y,17,,,15,2026-05-01,3110000,서울특별시 은평구,은평구,15.0,17.0,진관,False,False,True,496.0,0.0,0.0,9.0,89.0,1,0.8685537880797176,190
초등학교,충암초등,서울특별시 은평구 가좌로5길 5,서울특별시 은평구 응암동 272-113,37.5846402882,126.9218094829,서울특별시 은평구,서울서부경찰서,Y,10,,,6,2026-05-01,3110000,서울특별시 은평구,은평구,6.0,10.0,충암,False,False,True,668.0,0.0,0.0,0.0,282.0,1,0.057287489586263396,272
초등학교,연은초등,서울특별시 은평구 백련산로2길 35,서울특별시 은평구 응암동 242-424,37.59051113,126.925112,서울특별시 은평구,서울서부경찰서,Y,8,,,20,2026-05-01,3110000,서울특별시 은평구,은평구,20.0,8.0,연은,False,False,True,592.0,0.0,0.0,6.0,30.0,1,0.3300214911668289,247
초등학교,상신초등,서울특별시 은평구 가좌로 361,서울특별시 은평구 신사동 230-11,37.5975537179,126.9046048863,서울특별시 은평구,서울서부경찰서,Y,14,,,5,2026-05-01,3110000,서울특별시 은평구,은평구,5.0,14.0,상신,False,False,True,497.0,0.0,0.0,10.0,17.0,1,0.8618001092438856,191
초등학교,대은초등,서울특별시 은평구 통일로69길 12-15,서울특별시 은평구 대조동 82-5,37.6123671176,126.9258698111,서울특별시 은평구,서울은평경찰서,Y,19,,,5,2026-05-01,3110000,서울특별시 은평구,은평구,5.0,19.0,대은,False,False,True,117.0,0.0,0.0,7.0,179.0,1,-0.43771939924027725,327
초등학교,응암초등,서울특별시 은평구 가좌로6길 20,서울특별시 은평구 응암동 산 7-40,37.5887531914,126.921616097,서울특별시 은평구,서울서부경찰서,Y,6,,,4,2026-05-01,3110000,서울특별시 은평구,은평구,4.0,6.0,응암,False,False,True,741.0,0.0,3.0,20.0,381.0,1,4.902292860677715,22
초등학교,연천초등,서울특별시 은평구 연서로34길 22,서울특별시 은평구 불광동 346-153,37.6213492887,126.9299178848,서울특별시 은평구,서울은평경찰서,Y,15,,,10,2026-05-01,3110000,서울특별시 은평구,은평구,10.0,15.0,연천,False,False,True,157.0,0.0,7.0,9.0,60.0,1,-0.2569692579775553,312
초등학교,연신초등,서울특별시 은평구 연서로 347,서울특별시 은평구 불광동 73-1,37.6260599639,126.927751281,서울특별시 은평구,서울서부경찰서,Y,12,,,6,2026-05-01,3110000,서울특별시 은평구,은평구,6.0,12.0,연신,False,False,True,177.0,4.0,4.0,8.0,39.0,1,1.5031183555627794,129
초등학교,역촌초등,서울특별시 은평구 은평로3길 25,서울특별시 은평구 역촌동 82-1,37.6015841687,126.9139280334,서울특별시 은평구,서울은평경찰서,Y,35,,,10,2026-05-01,3110000,서울특별시 은평구,은평구,10.0,35.0,역촌,False,False,True,930.0,6.0,6.0,0.0,199.0,1,3.5677339805800745,33
초등학교,신사초등,서울특별시 은평구 가좌로 275-2,서울특별시 은평구 신사동 98-32,37.5928348327,126.9119831966,서울특별시 은평구,서울서부경찰서,Y,18,,,5,2026-05-01,3110000,서울특별시 은평구,은평구,5.0,18.0,신사,False,False,True,277.0,0.0,0.0,12.0,28.0,1,0.6559567164103721,214
초등학교,선일초등,서울특별시 은평구 갈현로29길 27,서울특별시 은평구 갈현동 240-1,37.6203042094,126.9119930733,서울특별시 은평구,서울은평경찰서,Y,17,,,7.5,2026-05-01,3110000,서울특별시 은평구,은평구,7.5,17.0,선일,False,False,True,474.0,0.0,14.0,0.0,13.0,1,-1.3770449521472312,432
초등학교,불광초등,서울특별시 은평구 불광로 51,서울특별시 은평구 불광동 272-2,37.61342855,126.9307204,서울특별시 은평구,서울은평경찰서,Y,15,,,6,2026-05-01,3110000,서울특별시 은평구,은평구,6.0,15.0,불광,False,False,True,483.0,0.0,0.0,7.0,98.0,1,0.4258273321118804,234
초등학교,북한산초등,서울특별시 은평구 대서문길 42-3,서울특별시 은평구 진관동 산 3,37.6536320836,126.9504624461,서울특별시 은평구,서울은평경찰서,Y,4,,,6,2026-05-01,3110000,서울특별시 은평구,은평구,6.0,4.0,북한산,False,False,True,75.0,0.0,0.0,1.0,0.0,1,-2.4200012494569014,524
초등학교,대조초등,서울특별시 은평구 연서로18길 17,서울특별시 은평구 대조동 212-1,37.6135791439,126.9193021667,서울특별시 은평구,서울은평경찰서,Y,32,,,5,2026-05-01,3110000,서울특별시 은평구,은평구,5.0,32.0,대조,False,False,True,591.0,0.0,0.0,15.0,187.0,1,2.759012436436681,64
초등학교,녹번초등,서울특별시 은평구 녹번로1길 1,서울특별시 은평구 녹번동 174,37.6045833931,126.9257462818,서울특별시 은평구,서울서부경찰서,Y,23,,,6,2026-05-01,3110000,서울특별시 은평구,은평구,6.0,23.0,녹번,False,False,True,576.0,3.0,7.0,9.0,118.0,1,2.688831395789543,70
초등학교,증산초등,서울특별시 은평구 증산서길 61,서울특별시 은평구 증산동 212,37.5825652695,126.9042764465,서울특별시 은평구,서울서부경찰서,Y,14,,,6,2026-05-01,3110000,서울특별시 은평구,은평구,6.0,14.0,증산,False,False,True,587.0,3.0,3.0,6.0,31.0,1,1.8031910835669165,107
초등학교,구산초등,서울특별시 은평구 서오릉로15길 16,서울특별시 은평구 구산동 152-3,37.6127509584,126.9093764926,서울특별시 은평구,서울은평경찰서,Y,29,,,6,2026-05-01,3110000,서울특별시 은평구,은평구,6.0,29.0,구산,False,False,True,654.0,0.0,0.0,15.0,114.0,1,2.72275866600683,67
초등학교,예일초등,서울특별시 은평구 연서로 117,서울특별시 은평구 구산동 8-3,37.6109458981,126.9147928383,서울특별시 은평구,서울은평경찰서,Y,24,,,6,2026-05-01,3110000,서울특별시 은평구,은평구,6.0,24.0,예일,False,False,True,464.0,3.0,3.0,0.0,227.0,1,0.7477243482897424,201
초등학교,갈현초등,서울특별시 은평구 연서로29길 31,서울특별시 은평구 갈현동 451-15,37.6197796356,126.9166431,서울특별시 은평구,서울은평경찰서,Y,24,,,10,2026-05-01,3110000,서울특별시 은평구,은평구,10.0,24.0,갈현,False,False,True,659.0,14.0,14.0,12.0,751.0,1,11.01690785081209,1
초등학교,원광초등학교,서울특별시 노원구 덕릉로76길 18,서울특별시 노원구 중계본동 357,37.65431182,127.0749157,서울특별시 노원구청,서울노원경찰서,Y,3,,,8~30,2026-04-06,3100000,서울특별시 노원구,노원구,,3.0,원광,False,False,True,684.0,3.0,15.0,0.0,206.0,1,1.3534834919155974,141
초등학교,중원초등학교,서울특별시 노원구 섬밭로 316,서울특별시 노원구 중계2동 502,37.64398283,127.0627678,서울특별시 노원구청,서울노원경찰서,Y,2,,,12,2026-04-06,3100000,서울특별시 노원구,노원구,12.0,2.0,중원,False,False,True,298.0,3.0,3.0,0.0,80.0,1,-0.21918562734960045,307
초등학교,공릉초등학교,서울특별시 노원구 동일로173길 12,서울특별시 노원구 공릉동 610,37.61861498,127.0746307,서울특별시 노원구청,서울노원경찰서,Y,5,,,12~20,2026-04-06,3100000,서울특별시 노원구,노원구,,5.0,공릉,False,False,True,244.0,0.0,0.0,0.0,467.0,1,-0.6576890531266757,350
초등학교,화랑초등학교,서울특별시 노원구 화랑로53길 22,서울특별시 노원구 공릉2동 126,37.626918,127.093803,서울특별시 노원구청,서울노원경찰서,Y,1,,,34,2026-04-06,3100000,서울특별시 노원구,노원구,34.0,1.0,화랑,False,False,True,610.0,0.0,0.0,0.0,38.0,1,-0.883662042814257,381
초등학교,태강삼육초등학교,서울특별시 노원구 화랑로 815,서울특별시 노원구 공릉2동 26-39,37.64335827,127.1088514,서울특별시 노원구청,서울노원경찰서,Y,1,,,34,2026-04-06,3100000,서울특별시 노원구,노원구,34.0,1.0,태강삼육,False,False,True,723.0,0.0,0.0,0.0,0.0,1,-0.6577226750755136,351
초등학교,태랑초등학교,서울특별시 노원구 화랑로51나길 31,서울특별시 노원구 공릉2동 116,37.62625137,127.0906018,서울특별시 노원구청,서울노원경찰서,Y,4,,,7~32,2026-04-06,3100000,서울특별시 노원구,노원구,,4.0,태랑,False,False,True,786.0,0.0,0.0,7.0,49.0,1,1.1972648782541495,159
초등학교,중평초등학교,서울특별시 노원구 섬밭로 241,서울특별시 노원구 하계동 271,37.63753475,127.0639634,서울특별시 노원구청,서울노원경찰서,Y,3,,,15~20,2026-04-06,3100000,서울특별시 노원구,노원구,,3.0,중평,False,False,True,1135.0,3.0,3.0,4.0,134.0,1,3.3671005439582666,37
초등학교,용원초등학교,서울특별시 노원구 섬밭로 144,서울특별시 노원구 공릉3동 709,37.62992402,127.0689414,서울특별시 노원구청,서울노원경찰서,Y,2,,,19~27,2026-04-06,3100000,서울특별시 노원구,노원구,,2.0,용원,False,False,True,409.0,0.0,0.0,7.0,197.0,1,0.5099067000729142,228
초등학교,연지초등학교,서울특별시 노원구 월계로55길 48,서울특별시 노원구 월계동 271,37.63319071,127.0595368,서울특별시 노원구청,서울노원경찰서,Y,4,,,6~20,2026-04-06,3100000,서울특별시 노원구,노원구,,4.0,연지,False,False,True,209.0,0.0,0.0,6.0,114.0,1,-0.576021930600892,338
초등학교,청계초등학교,서울특별시 노원구 공릉로 431,서울특별시 노원구 중계3동 513-1,37.64503334,127.0661408,서울특별시 노원구청,서울노원경찰서,Y,2,,,12~20,2026-04-06,3100000,서울특별시 노원구,노원구,,2.0,청계,False,False,True,168.0,0.0,3.0,5.0,47.0,1,-1.1265419836660595,410
초등학교,상명초등학교,서울특별시 노원구 덕릉로 541,서울특별시 노원구 중계3동 515-1,37.6487233,127.066969,서울특별시 노원구청,서울노원경찰서,Y,1,,,30,2026-04-06,3100000,서울특별시 노원구,노원구,30.0,1.0,상명,False,False,True,722.0,0.0,0.0,0.0,59.0,1,-0.47605755121224047,333
초등학교,상천초등학교,서울특별시 노원구 덕릉로 443,서울특별시 노원구 상계6동 768,37.646282,127.0578068,서울특별시 노원구청,서울노원경찰서,Y,1,,,12,2026-04-06,3100000,서울특별시 노원구,노원구,12.0,1.0,상천,False,False,True,257.0,0.0,0.0,11.0,79.0,1,0.5389698135122358,223
초등학교,수락초등학교,서울특별시 노원구 동일로 1745,서울특별시 노원구 상계1동 1171-2,37.68450193,127.0551836,서울특별시 노원구청,서울노원경찰서,Y,2,,,15.5~35,2026-04-06,3100000,서울특별시 노원구,노원구,,2.0,수락,False,False,True,375.0,0.0,3.0,9.0,10.0,1,0.25189197534943886,256
초등학교,온곡초등학교,서울특별시 노원구 한글비석로52길 59,서울특별시 노원구 상계9동 638,37.66754054,127.0659114,서울특별시 노원구청,서울노원경찰서,Y,3,,,10~20,2026-04-06,3100000,서울특별시 노원구,노원구,,3.0,온곡,False,False,True,449.0,0.0,0.0,0.0,57.0,1,-1.31559708777192,422
초등학교,상곡초등학교,서울특별시 노원구 노원로38길 34,서울특별시 노원구 상계10동 678,37.66290383,127.0620766,서울특별시 노원구청,서울노원경찰서,Y,2,,,20,2026-04-06,3100000,서울특별시 노원구,노원구,20.0,2.0,상곡,False,False,True,430.0,0.0,0.0,0.0,140.0,1,-1.1137340747124027,406
초등학교,청원초등학교,서울특별시 노원구 한글비석로 506,서울특별시 노원구 상계9동 641,37.66525335,127.0625319,서울특별시 노원구청,서울노원경찰서,Y,2,,,20,2026-04-06,3100000,서울특별시 노원구,노원구,20.0,2.0,청원,False,False,True,718.0,0.0,0.0,0.0,134.0,1,-0.2534564669298325,310
초등학교,계상초등학교,서울특별시 노원구 한글비석로41가길 24,서울특별시 노원구 상계5동 447-1,37.66219741,127.0686766,서울특별시 노원구청,서울노원경찰서,Y,2,,,8~19,2026-04-06,3100000,서울특별시 노원구,노원구,,2.0,계상,False,False,True,286.0,0.0,0.0,12.0,118.0,1,0.965199759013553,180
초등학교,수암초등학교,서울특별시 노원구 중계로12길 9,서울특별시 노원구 중계본동 77,37.64769427,127.0814631,서울특별시 노원구청,서울노원경찰서,Y,2,,,6~20,2026-04-06,3100000,서울특별시 노원구,노원구,,2.0,수암,False,False,True,441.0,3.0,3.0,5.0,79.0,1,1.2922219559108927,147
초등학교,덕암초등학교,서울특별시 노원구 덕릉로112길 68,서울특별시 노원구 상계3동 1200-74,37.6666221,127.081468,서울특별시 노원구청,서울노원경찰서,Y,2,,,5.6~11.5,2026-04-06,3100000,서울특별시 노원구,노원구,,2.0,덕암,False,False,True,493.0,0.0,0.0,0.0,78.0,1,-1.1155490033852502,407
초등학교,신계초등학교,서울특별시 노원구 초안산로 29,서울특별시 노원구 월계2동 602,37.62979181,127.0527686,서울특별시 노원구청,서울노원경찰서,Y,2,,,5.8~25,2026-04-06,3100000,서울특별시 노원구,노원구,,2.0,신계,False,False,True,134.0,0.0,0.0,8.0,11.0,1,-0.6961934408031356,359
초등학교,중계초등학교,서울특별시 노원구 한글비석로19길 39,서울특별시 노원구 중계4동 447-2,37.65784108,127.0733117,서울특별시 노원구청,서울노원경찰서,Y,5,,,5~11,2026-04-06,3100000,서울특별시 노원구,노원구,,5.0,중계,False,False,True,685.0,3.0,3.0,6.0,1105.0,1,5.464799770967459,13
초등학교,선곡초등학교,서울특별시 노원구 광운로2길 1,서울특별시 노원구 월계1동 470,37.61869289,127.0578035,서울특별시 노원구청,서울노원경찰서,Y,2,,,3.5~20,2026-04-06,3100000,서울특별시 노원구,노원구,,2.0,선곡,False,False,True,531.0,0.0,0.0,8.0,253.0,1,1.27322421997583,153
초등학교,태릉초등학교,서울특별시 노원구 노원로1길 36,서울특별시 노원구 공릉2동 250,37.62310204,127.0850611,서울특별시 노원구청,서울노원경찰서,Y,5,,,8~20,2026-04-06,3100000,서울특별시 노원구,노원구,,5.0,태릉,False,False,True,732.0,0.0,0.0,6.0,149.0,1,1.1299091577568086,164
초등학교,노일초등학교,서울특별시 노원구 동일로231길 24,서울특별시 노원구 상계1동 1044,37.67260103,127.0535508,서울특별시 노원구청,서울노원경찰서,Y,3,,,10,2026-04-06,3100000,서울특별시 노원구,노원구,10.0,3.0,노일,False,False,True,373.0,0.0,0.0,0.0,167.0,1,-1.203183478266099,417
초등학교,상월초등학교,서울특별시 노원구 동일로221길 27,서울특별시 노원구 상계10동 697,37.65865377,127.056986,서울특별시 노원구청,서울노원경찰서,Y,1,,,9.8,2026-04-06,3100000,서울특별시 노원구,노원구,9.8,1.0,상월,False,False,True,147.0,0.0,0.0,2.0,9.0,1,-1.9564465132756743,485
초등학교,노원초등학교,서울특별시 노원구 동일로230나길 32,서울특별시 노원구 상계1동 1014,37.67359491,127.0584536,서울특별시 노원구청,서울노원경찰서,Y,4,,,10,2026-04-06,3100000,서울특별시 노원구,노원구,10.0,4.0,노원,False,False,True,199.0,0.0,0.0,12.0,407.0,1,1.604451946852511,123
초등학교,상계초등학교,서울특별시 노원구 상계로9길 39,서울특별시 노원구 상계2동 402-1,37.65962546,127.0664937,서울특별시 노원구청,서울노원경찰서,Y,3,,,8.5~30,2026-04-06,3100000,서울특별시 노원구,노원구,,3.0,상계,False,False,True,170.0,0.0,0.0,6.0,187.0,1,-0.4665129576244478,331
초등학교,공연초등학교,서울특별시 노원구 동일로192가길 16,서울특별시 노원구 공릉1동 371,37.62754924,127.0745082,서울특별시 노원구청,서울노원경찰서,Y,5,,,4~21,2026-04-06,3100000,서울특별시 노원구,노원구,,5.0,공연,False,False,True,364.0,3.0,3.0,11.0,253.0,1,2.895626074520203,54
초등학교,불암초등학교,서울특별시 노원구 중계로 178,서울특별시 노원구 중계본동 257-3,37.65078343,127.080671,서울특별시 노원구청,서울노원경찰서,Y,2,,,8~20,2026-04-06,3100000,서울특별시 노원구,노원구,,2.0,불암,False,False,True,694.0,3.0,10.0,3.0,57.0,1,1.5643524104889686,127
초등학교,을지초등학교,서울특별시 노원구 중계로 239,서울특별시 노원구 중계1동 산 72,37.65059011,127.0730898,서울특별시 노원구청,서울노원경찰서,Y,2,,,20~30,2026-04-06,3100000,서울특별시 노원구,노원구,,2.0,을지,False,False,True,1365.0,9.0,12.0,0.0,102.0,1,6.077096847650765,9
초등학교,신상계초등학교,서울특별시 노원구 상계로 267,서울특별시 노원구 상계4동 111,37.66751782,127.0758263,서울특별시 노원구청,서울노원경찰서,Y,2,,,"7,30",2026-04-06,3100000,서울특별시 노원구,노원구,,2.0,신상계,False,False,True,343.0,0.0,0.0,12.0,106.0,1,1.1016112195086172,167
초등학교,연촌초등학교,서울특별시 노원구 공릉로58길 36,서울특별시 노원구 하계1동 152,37.634416,127.0725121,서울특별시 노원구청,서울노원경찰서,Y,3,,,7~15,2026-04-06,3100000,서울특별시 노원구,노원구,,3.0,연촌,False,False,True,403.0,0.0,0.0,7.0,341.0,1,0.9424286460733993,184
초등학교,중현초등학교,서울특별시 노원구 섬밭로 181,서울특별시 노원구 하계2동 340,37.63251336,127.065953,서울특별시 노원구청,서울노원경찰서,Y,1,,,7.5~19.5,2026-04-06,3100000,서울특별시 노원구,노원구,,1.0,중현,False,False,True,90.0,0.0,0.0,4.0,31.0,1,-1.630326147056573,459
초등학교,월계초등학교,서울특별시 노원구 월계로45가길 10,서울특별시 노원구 월계2동 806-3,37.627663,127.0501888,서울특별시 노원구청,서울노원경찰서,Y,2,,,7~12,2026-04-06,3100000,서울특별시 노원구,노원구,,2.0,월계,False,False,True,267.0,0.0,0.0,2.0,48.0,1,-1.4680691524951521,444
초등학교,한천초등학교,서울특별시 노원구 마들로 45,서울특별시 노원구 월계3동 3-7,37.62070855,127.0692456,서울특별시 노원구청,서울노원경찰서,Y,2,,,19.2~25,2026-04-06,3100000,서울특별시 노원구,노원구,,2.0,한천,False,False,True,559.0,0.0,0.0,0.0,19.0,1,-1.0988146203515001,404
초등학교,녹천초등학교,서울특별시 노원구 마들로3길 34,서울특별시 노원구 월계3동 223,37.62850733,127.063113,서울특별시 노원구청,서울노원경찰서,Y,2,,,11.5~28.5,2026-04-06,3100000,서울특별시 노원구,노원구,,2.0,녹천,False,False,True,134.0,0.0,0.0,6.0,0.0,1,-1.1618560713133925,413
초등학교,용동초등학교,서울특별시 노원구 한글비석로1길 81-11,서울특별시 노원구 중계3동 510-7,37.64108534,127.0690832,서울특별시 노원구청,서울노원경찰서,Y,2,,,7~20,2026-04-06,3100000,서울특별시 노원구,노원구,,2.0,용동,False,False,True,177.0,0.0,6.0,9.0,177.0,1,0.17038078828727676,263
초등학교,상수초등학교,서울특별시 노원구 동일로216길 66,서울특별시 노원구 상계7동 755,37.65110673,127.064735,서울특별시 노원구청,서울노원경찰서,Y,2,,,20,2026-04-06,3100000,서울특별시 노원구,노원구,20.0,2.0,상수,False,False,True,394.0,0.0,0.0,0.0,618.0,1,0.2729073359993033,254
초등학교,동일초등학교,서울특별시 노원구 한글비석로 566,서울특별시 노원구 상계8동 887-7,37.6648142,127.0541716,서울특별시 노원구청,서울노원경찰서,Y,1,,,20,2026-04-06,3100000,서울특별시 노원구,노원구,20.0,1.0,동일,False,False,True,426.0,0.0,0.0,0.0,160.0,1,-1.063327199215011,401
초등학교,상경초등학교,서울특별시 노원구 수락산로 237,서울특별시 노원구 상계8동 621,37.67055277,127.0516731,서울특별시 노원구청,서울노원경찰서,Y,1,,,9.7~22,2026-04-06,3100000,서울특별시 노원구,노원구,,1.0,상경,False,False,True,507.0,0.0,0.0,9.0,105.0,1,0.9522219499843654,182
초등학교,상원초등학교,서울특별시 노원구 한글비석로54길 119,서울특별시 노원구 상계9동 645,37.66767304,127.0597184,서울특별시 노원구청,서울노원경찰서,Y,2,,,12~20,2026-04-06,3100000,서울특별시 노원구,노원구,,2.0,상원,False,False,True,281.0,0.0,0.0,6.0,142.0,1,-0.2685938166705588,314
초등학교,당현초등학교,서울특별시 노원구 동일로213길 52,서울특별시 노원구 상계6동 742,37.64825944,127.0582117,서울특별시 노원구청,서울노원경찰서,Y,3,,,19.6~21,2026-04-06,3100000,서울특별시 노원구,노원구,,3.0,당현,False,False,True,358.0,0.0,0.0,4.0,90.0,1,-0.6275922946502355,345
초등학교,우촌초등학교,서울특별시 성북구 성북로4길 52-1,서울특별시 성북구 돈암동 609,37.59564089,127.0114006,서울특별시 성북구청,서울특별시 성북경찰서,Y,1,,,8,2026-05-18,3070000,서울특별시 성북구,성북구,8.0,1.0,우촌,False,True,False,635.0,3.0,6.0,0.0,28.0,0,-1.4463118307642708,439
초등학교,숭인초등학교,서울특별시 성북구 오패산로16길 37,서울특별시 성북구 하월곡동 222-4,37.60916119,127.0382348,서울특별시 성북구청,서울특별시 종암경찰서,Y,1,,,,2026-05-18,3070000,서울특별시 성북구,성북구,,1.0,숭인,False,True,False,723.0,3.0,3.0,9.0,202.0,0,1.3075574884827472,145
초등학교,장월초등학교,서울특별시 성북구 한천로101길 66,서울특별시 성북구 장위동 316,37.62194118,127.0471649,서울특별시 성북구청,서울특별시 종암경찰서,Y,1,,,,2026-05-18,3070000,서울특별시 성북구,성북구,,1.0,장월,False,True,False,554.0,0.0,0.0,4.0,334.0,0,-1.358374889383144,428
초등학교,일신초등학교,서울특별시 성북구 월곡로 74,서울특별시 성북구 종암동 1-79,37.59881357,127.0401772,서울특별시 성북구청,서울특별시 종암경찰서,Y,1,,,8,2026-05-18,3070000,서울특별시 성북구,성북구,8.0,1.0,일신,False,True,False,562.0,0.0,0.0,4.0,178.0,0,-1.8223618807245074,473
초등학교,석계초등학교,서울특별시 성북구 한천로58길 273,서울특별시 성북구 석관동27-3,37.60881522,127.0697429,서울특별시 성북구청,서울특별시 종암경찰서,Y,1,,,8,2026-05-18,3070000,서울특별시 성북구,성북구,8.0,1.0,석계,False,True,False,314.0,0.0,3.0,3.0,181.0,0,-2.785551790027656,556
초등학교,삼선초등학교,서울특별시 성북구 보문로29길 106,서울특별시 성북구 삼선동3가 30-4,37.58714288,127.0126717,서울특별시 성북구청,서울특별시 성북경찰서,Y,1,,,,2026-05-18,3070000,서울특별시 성북구,성북구,,1.0,삼선,False,True,False,399.0,0.0,0.0,2.0,237.0,0,-2.5663931628039913,538
초등학교,광운초등학교,서울특별시 성북구 한천로 694,서울특별시 성북구 장위동 322-1,37.61865113,127.0551517,서울특별시 성북구청,서울특별시 종암경찰서,Y,1,,,,2026-05-18,3070000,서울특별시 성북구,성북구,,1.0,광운,False,True,False,572.0,0.0,0.0,0.0,131.0,0,-2.8014342355862203,557
초등학교,장위초등학교,서울특별시 성북구 장월로8가길 41,서울특별시 성북구 장위동 68-8,37.6114417,127.0500057,서울특별시 성북구청,서울특별시 종암경찰서,Y,1,,,,2026-05-18,3070000,서울특별시 성북구,성북구,,1.0,장위,False,True,False,354.0,0.0,0.0,11.0,154.0,0,-1.0230963332647829,395
초등학교,정덕초등학교,서울특별시 성북구 아리랑로 63,서울특별시 성북구 동소문동7가 118-1,37.59823941,127.013421,서울특별시 성북구청,서울특별시 성북경찰서,Y,1,,,,2026-05-18,3070000,서울특별시 성북구,성북구,,1.0,정덕,False,True,False,708.0,6.0,6.0,14.0,112.0,0,3.543360406260588,34
초등학교,숭덕초등학교,서울특별시 성북구 정릉로 279,서울특별시 성북구 정릉동 160-1,37.60381836,127.0132906,서울특별시 성북구청,서울특별시 성북경찰서,Y,1,,,,2026-05-18,3070000,서울특별시 성북구,성북구,,1.0,숭덕,False,True,False,877.0,8.0,8.0,14.0,157.0,0,5.190285487773311,18
초등학교,숭곡초등학교,서울특별시 성북구 종암로40길 30,서울특별시 성북구 하월곡동 84-86,37.6084672,127.0328164,서울특별시 성북구청,서울특별시 종암경찰서,Y,1,,,,2026-05-18,3070000,서울특별시 성북구,성북구,,1.0,숭곡,False,True,False,628.0,0.0,3.0,11.0,285.0,0,0.22336919309676984,258
초등학교,성신초등학교,서울특별시 성북구 북악산로 918,서울특별시 성북구 돈암동 173-1,37.59462313,127.0231285,서울특별시 성북구청,서울특별시 성북경찰서,Y,1,,,,2026-05-18,3070000,서울특별시 성북구,성북구,,1.0,성신,False,True,False,500.0,0.0,0.0,0.0,191.0,0,-2.8333516154605274,558
초등학교,성북초등학교,서울특별시 성북구 성북로 102-10,서울특별시 성북구 성북동 66-1,37.59405236,126.9987771,서울특별시 성북구청,서울특별시 성북경찰서,Y,1,,,,2026-05-18,3070000,서울특별시 성북구,성북구,,1.0,성북,False,False,True,155.0,0.0,0.0,4.0,264.0,1,-0.7024493556702998,361
초등학교,미아초등학교,서울특별시 성북구 삼양로 77,서울특별시 성북구 길음동 1168,37.6105142,127.0216457,서울특별시 성북구청,서울특별시 성북경찰서,Y,1,,,,2026-05-18,3070000,서울특별시 성북구,성북구,,1.0,미아,False,True,False,1036.0,3.0,3.0,8.0,118.0,0,1.7843280084462783,110
초등학교,매원초등학교,서울특별시 성북구 북악산로 870,서울특별시 성북구 돈암동 45-88,37.59767468,127.0191869,서울특별시 성북구청,서울특별시 성북경찰서,Y,1,,,,2026-05-18,3070000,서울특별시 성북구,성북구,,1.0,매원,False,True,False,497.0,0.0,3.0,0.0,260.0,0,-2.6264830538485584,542
초등학교,대광초등학교,서울특별시 성북구 안암로 5,서울특별시 성북구 보문동7가 111,37.57915122,127.0234479,서울특별시 성북구청,서울특별시 성북경찰서,Y,1,,,,2026-05-18,3070000,서울특별시 성북구,성북구,,1.0,대광,False,True,False,505.0,0.0,0.0,0.0,661.0,0,-1.346612330767121,426
초등학교,길원초등학교,서울특별시 성북구 길음로15길 55,서울특별시 성북구 길음동 1280-4,37.60906528,127.0167359,서울특별시 성북구청,서울특별시 성북경찰서,Y,1,,,,2026-05-18,3070000,서울특별시 성북구,성북구,,1.0,길원,False,True,False,1031.0,0.0,0.0,12.0,187.0,0,1.3622392582180014,140
초등학교,개운초등학교,서울특별시 성북구 정릉로48길 52,서울특별시 성북구 돈암동 2-8,37.60183731,127.0275455,서울특별시 성북구청,서울특별시 성북경찰서,Y,1,,,,2026-05-18,3070000,서울특별시 성북구,성북구,,1.0,개운,False,True,False,527.0,0.0,0.0,6.0,106.0,0,-1.7233864690036023,462
초등학교,정수초등학교,서울특별시 성북구 정릉로24길 58,서울특별시 성북구 정릉동 431-62,37.60377561,127.0077189,서울특별시 성북구청,서울특별시 성북경찰서,Y,1,,,,2026-05-18,3070000,서울특별시 성북구,성북구,,1.0,정수,False,True,False,222.0,0.0,4.0,3.0,16.0,0,-3.582946026144645,598
초등학교,정릉초등학교,서울특별시 성북구 솔샘로25가길 8,서울특별시 성북구 정릉동 798,37.61979533,127.0052212,서울특별시 성북구청,서울특별시 성북경찰서,Y,1,,,,2026-05-18,3070000,서울특별시 성북구,성북구,,1.0,정릉,False,True,False,445.0,0.0,0.0,5.0,12.0,0,-2.483582528913662,529
초등학교,장곡초등학교,서울특별시 성북구 장월로23길 16,서울특별시 성북구 장위동 235,37.61683038,127.0481563,서울특별시 성북구청,서울특별시 종암경찰서,Y,1,,,,2026-05-18,3070000,서울특별시 성북구,성북구,,1.0,장곡,False,True,False,796.0,0.0,0.0,13.0,87.0,0,0.5474802480501166,222
초등학교,석관초등학교,서울특별시 성북구 돌곶이로22길 21,서울특별시 성북구 석관동 205,37.61102341,127.0583548,서울특별시 성북구청,서울특별시 종암경찰서,Y,1,,,,2026-05-18,3070000,서울특별시 성북구,성북구,,1.0,석관,False,True,False,553.0,7.0,7.0,6.0,336.0,0,2.541758881503436,76
초등학교,길음초등학교,서울특별시 성북구 길음로 142,서울특별시 성북구 길음동 635-7,37.61363151,127.0166585,서울특별시 성북구청,서울특별시 성북경찰서,Y,1,,,,2026-05-18,3070000,서울특별시 성북구,성북구,,1.0,길음,False,True,False,744.0,0.0,0.0,6.0,16.0,0,-1.3428096876263644,425
초등학교,월곡초등학교,서울특별시 성북구 장월로3길 42,서울특별시 성북구 장위동 246-194,37.61002333,127.0460816,서울특별시 성북구청,서울특별시 종암경찰서,Y,1,,,,2026-05-18,3070000,서울특별시 성북구,성북구,,1.0,월곡,False,True,False,257.0,0.0,0.0,7.0,186.0,0,-2.0814312995888518,496
초등학교,안암초등학교,서울특별시 성북구 고려대로7가길 39,서울특별시 성북구 안암동2가 93,37.58715951,127.0220989,서울특별시 성북구청,서울특별시 성북경찰서,Y,1,,,22,2026-05-18,3070000,서울특별시 성북구,성북구,22.0,1.0,안암,False,True,False,258.0,0.0,0.0,13.0,233.0,0,-0.6375598548066969,348
초등학교,동신초등학교,서울특별시 성북구 보문사길 50,서울특별시 성북구 보문동3가 228,37.58328607,127.0170593,서울특별시 성북구청,서울특별시 성북경찰서,Y,1,,,,2026-05-18,3070000,서울특별시 성북구,성북구,,1.0,동신,False,True,False,329.0,0.0,0.0,7.0,101.0,0,-2.1277840146168248,499
초등학교,숭례초등학교,서울특별시 성북구 종암로5길 14,서울특별시 성북구 종암동 22-1,37.59452281,127.0352968,서울특별시 성북구청,서울특별시 종암경찰서,Y,1,,,,2026-05-18,3070000,서울특별시 성북구,성북구,,1.0,숭례,False,False,True,535.0,0.0,0.0,7.0,113.0,1,0.6315089945708668,215
초등학교,청덕초등학교,서울특별시 성북구 정릉로9라길 11,서울특별시 성북구 정릉동 847,37.6120423,127.0003392,서울특별시 성북구청,서울특별시 성북경찰서,Y,1,,,,2026-05-18,3070000,서울특별시 성북구,성북구,,1.0,청덕,False,True,False,186.0,0.0,0.0,8.0,93.0,0,-2.3736974657823784,517
초등학교,돈암초등학교,서울특별시 성북구 동소문로13길 38,서울특별시 성북구 동소문동6가 27-1,37.5937453,127.0131031,서울특별시 성북구청,서울특별시 성북경찰서,Y,1,,,,2026-05-18,3070000,서울특별시 성북구,성북구,,1.0,돈암,False,True,False,540.0,0.0,6.0,3.0,355.0,0,-1.5509721055273678,454
초등학교,영화초등학교,서울특별시 동작구 등용로8길 3,서울특별시 동작구 대방동 44-3,37.50890703,126.9329751,서울특별시 동작구청,서울동작경찰서,Y,2,,,,2026-03-09,3190000,서울특별시 동작구,동작구,,2.0,영화,False,False,True,292.0,3.0,3.0,9.0,43.0,1,1.5871678809480172,124
초등학교,영본초등학교,서울특별시 동작구 만양로12가길 69,서울특별시 동작구 본동 441-11,37.51129715,126.9486722,서울특별시 동작구청,서울동작경찰서,Y,3,,,,2026-03-09,3190000,서울특별시 동작구,동작구,,3.0,영본,False,False,True,553.0,0.0,0.0,1.0,192.0,1,-0.35988746988774367,323
초등학교,신남성초등학교,서울특별시 동작구 사당로 146,서울특별시 동작구 사당5동 418-1,37.48815083,126.9648709,서울특별시 동작구청,서울동작경찰서,Y,3,,,,2026-03-09,3190000,서울특별시 동작구,동작구,,3.0,신남성,False,True,False,391.0,0.0,0.0,5.0,88.0,0,-2.410465646140565,522
초등학교,신길초등학교,서울특별시 동작구 알마타길 16,서울특별시 동작구 대방동 산28,37.51087166,126.9267292,서울특별시 동작구청,서울동작경찰서,Y,5,,,,2026-03-09,3190000,서울특별시 동작구,동작구,,5.0,신길,False,False,True,739.0,0.0,3.0,3.0,224.0,1,0.7392498600765253,202
초등학교,상도초등학교,서울특별시 동작구 성대로21길 62,서울특별시 동작구 상도4동 238-2,37.50034624,126.9372712,서울특별시 동작구청,서울동작경찰서,Y,3,,,,2026-03-09,3190000,서울특별시 동작구,동작구,,3.0,상도,False,False,True,671.0,3.0,3.0,11.0,80.0,1,3.291053150371595,39
초등학교,삼일초등학교,서울특별시 동작구 사당로23나길 27,서울특별시 동작구 사당3동 산18-34,37.4882193,126.975172,서울특별시 동작구청,서울동작경찰서,Y,2,,,,2026-03-09,3190000,서울특별시 동작구,동작구,,2.0,삼일,False,False,True,749.0,0.0,0.0,0.0,172.0,1,-0.03986461938901731,286
초등학교,본동초등학교,서울특별시 동작구 노량진로26길 16-40,서울특별시 동작구 본동 133,37.50992616,126.9538533,서울특별시 동작구청,서울동작경찰서,Y,2,,,,2026-03-09,3190000,서울특별시 동작구,동작구,,2.0,본동,False,False,True,85.0,0.0,0.0,2.0,22.0,1,-2.104988670505188,497
초등학교,보라매초등학교,서울특별시 동작구 여의대방로16길 30,서울특별시 동작구 신대방1동 485-1,37.49585333,126.9161464,서울특별시 동작구청,서울동작경찰서,Y,2,,,,2026-03-09,3190000,서울특별시 동작구,동작구,,2.0,보라매,False,False,True,1086.0,0.0,0.0,13.0,200.0,1,3.879377649556096,30
초등학교,동작초등학교,서울특별시 동작구 동작대로29길 214,서울특별시 동작구 동작동 산9-1,37.49411478,126.9765109,서울특별시 동작구청,서울동작경찰서,Y,3,,,,2026-03-09,3190000,서울특별시 동작구,동작구,,3.0,동작,False,False,True,477.0,0.0,0.0,8.0,22.0,1,0.3851843373489272,239
초등학교,대림초등학교,서울특별시 동작구 대방동1길 22,서울특별시 동작구 대방동391-62,37.50061292,126.9248853,서울특별시 동작구청,서울동작경찰서,Y,1,,,,2026-03-09,3190000,서울특별시 동작구,동작구,,1.0,대림,False,False,True,783.0,0.0,12.0,12.0,353.0,1,3.2179318038306857,41
초등학교,노량진초등학교,서울특별시 동작구 장승배기로 160,서울특별시 동작구 노량진1동 238,37.51175119,126.9408222,서울특별시 동작구청,서울동작경찰서,Y,4,,,,2026-03-09,3190000,서울특별시 동작구,동작구,,4.0,노량진,False,False,True,146.0,0.0,0.0,6.0,336.0,1,-0.07327839455345164,291
초등학교,남성초등학교,서울특별시 동작구 사당로23길 57-14,서울특별시 동작구 사당3동 산24,37.48459633,126.9754872,서울특별시 동작구청,서울동작경찰서,Y,3,,,,2026-03-09,3190000,서울특별시 동작구,동작구,,3.0,남성,False,False,True,384.0,0.0,0.0,13.0,536.0,1,2.7886130505548916,61
초등학교,남사초등학교,서울특별시 동작구 동작대로13길 22,서울특별시 동작구 사당1동 1011-1,37.4819443,126.9782332,서울특별시 동작구청,서울동작경찰서,Y,2,,,,2026-03-09,3190000,서울특별시 동작구,동작구,,2.0,남사,False,False,True,401.0,0.0,0.0,6.0,559.0,1,1.403227379032439,137
초등학교,강남초등학교,서울특별시 동작구 강남초등길 15,서울특별시 동작구 상도1동 501,37.50615977,126.953358,서울특별시 동작구청,서울동작경찰서,Y,5,,,,2026-03-09,3190000,서울특별시 동작구,동작구,,5.0,강남,False,False,True,616.0,0.0,0.0,11.0,87.0,1,1.6597919819737545,119
초등학교,신상도초등학교,서울특별시 동작구 장승배기로 14,서울특별시 동작구 상도2동 산65,37.50034631,126.9446175,서울특별시 동작구청,서울동작경찰서,Y,4,,,,2026-03-09,3190000,서울특별시 동작구,동작구,,4.0,신상도,False,False,True,1169.0,5.0,5.0,14.0,284.0,1,7.086818453502246,3
초등학교,상현초등학교,서울특별시 동작구 상도로58길 21,서울특별시 동작구 상도동 134-600,37.49487529,126.9526684,서울특별시 동작구청,서울동작경찰서,Y,2,,,,2026-03-09,3190000,서울특별시 동작구,동작구,,2.0,상현,False,True,False,487.0,0.0,0.0,9.0,182.0,0,-0.9607017016151123,386
초등학교,흑석초등학교,서울특별시 동작구 현충로 87,서울특별시 동작구 흑석동 7-1,37.5082938,126.9651329,서울특별시 동작구청,서울동작경찰서,Y,6,,,,2026-03-09,3190000,서울특별시 동작구,동작구,,6.0,흑석,False,False,True,354.0,0.0,5.0,5.0,219.0,1,-0.020315911002275477,281
초등학교,행림초등학교,서울특별시 동작구 솔밭로 61-6,서울특별시 동작구 사당5동 236-4,37.48221173,126.9660323,서울특별시 동작구청,서울동작경찰서,Y,2,,,,2026-03-09,3190000,서울특별시 동작구,동작구,,2.0,행림,False,False,True,156.0,0.0,0.0,0.0,21.0,1,-2.3226299555208607,513
초등학교,중대부속초등학교,서울특별시 동작구 서달로 135,서울특별시 동작구 흑석1동 233,37.5054521,126.9596784,서울특별시 동작구청,서울동작경찰서,Y,3,,,,2026-03-09,3190000,서울특별시 동작구,동작구,,3.0,중대부속,False,False,True,0.0,8.0,8.0,0.0,222.0,1,1.7913035619660467,109
초등학교,은로초등학교,서울특별시 동작구 서달로 115,서울특별시 동작구 흑석1동 245,37.5031946,126.9599999,서울특별시 동작구청,서울동작경찰서,Y,2,,,,2026-03-09,3190000,서울특별시 동작구,동작구,,2.0,은로,False,False,True,881.0,3.0,8.0,7.0,18.0,1,2.8754787597901235,56
초등학교,문창초등학교,서울특별시 동작구 신대방2길 14,서울특별시 동작구 신대방1동 640,37.48898312,126.9148425,서울특별시 동작구청,서울동작경찰서,Y,2,,,,2026-03-09,3190000,서울특별시 동작구,동작구,,2.0,문창,False,False,True,325.0,0.0,0.0,10.0,236.0,1,1.0224505223372753,172
초등학교,하늘초교,서울특별시 마포구 월드컵북로 502-14,서울특별시 마포구 상암동 1737번지,37.5858088,126.8808619,서울특별시 마포구청,서울마포경찰서,Y,1,,,7.5,2026-03-13,3130000,서울특별시 마포구,마포구,7.5,1.0,하늘,True,False,False,294.0,0.0,0.0,8.0,225.0,1,0.4621665885376691,232
초등학교,상지초교,서울특별시 마포구 월드컵로42길 30,서울특별시 마포구 상암동 1676번지,37.57975102,126.8820736,서울특별시 마포구청,서울마포경찰서,Y,1,,,11,2026-03-13,3130000,서울특별시 마포구,마포구,11.0,1.0,상지,False,True,False,464.0,0.0,0.0,8.0,130.0,0,-1.4093182958289667,436
초등학교,상암초교,서울특별시 마포구 월드컵북로 353,서울특별시 마포구 상암동 1635번지,37.57633795,126.8923441,서울특별시 마포구청,서울마포경찰서,Y,2,,,20~30,2026-03-13,3130000,서울특별시 마포구,마포구,,2.0,상암,True,True,False,405.0,0.0,0.0,4.0,599.0,0,-0.9835045992290736,389
초등학교,한서초교,서울특별시 마포구 대흥로24바길 27,서울특별시 마포구 염리동 24-140번지,37.55364783,126.9497788,서울특별시 마포구청,서울마포경찰서,Y,1,,,5,2026-03-13,3130000,서울특별시 마포구,마포구,5.0,1.0,한서,False,True,False,826.0,0.0,0.0,5.0,11.0,0,-1.3237869922825873,424
초등학교,신북초교,서울특별시 마포구 월드컵북로38길 26,서울특별시 마포구 중동 42번지,37.57110496,126.9053603,서울특별시 마포구청,서울마포경찰서,Y,3,,,5.0~8.0,2026-03-13,3130000,서울특별시 마포구,마포구,,3.0,신북,False,True,False,530.0,0.0,0.0,1.0,48.0,0,-2.973875660741702,570
초등학교,성산초교,서울특별시 마포구 양화로3길 94,서울특별시 마포구 합정동 427-2번지,37.5534098,126.9109504,서울특별시 마포구청,서울마포경찰서,Y,3,,,4.6~14.3,2026-03-13,3130000,서울특별시 마포구,마포구,,3.0,성산,False,True,False,539.0,0.0,0.0,10.0,1092.0,0,2.2626612527221286,86
초등학교,서교초교,서울특별시 마포구 와우산로23길 20-27,서울특별시 마포구 서교동 341번지,37.55488903,126.9243787,서울특별시 마포구청,서울마포경찰서,Y,12,,,4.4~7.7,2026-03-13,3130000,서울특별시 마포구,마포구,,12.0,서교,False,True,False,255.0,0.0,0.0,3.0,877.0,0,-0.7865980542085524,374
초등학교,창천초교,서울특별시 마포구 백범로1길 56,서울특별시 마포구 노고산동 33-1번지,37.55491782,126.9392951,서울특별시 마포구청,서울마포경찰서,Y,3,,,7.1~7.5,2026-03-13,3130000,서울특별시 마포구,마포구,,3.0,창천,True,True,False,140.0,0.0,0.0,4.0,740.0,0,-1.3509207920988462,427
초등학교,신석초교,서울특별시 마포구 대흥로 33,서울특별시 마포구 신수동 445-1번지,37.54453582,126.9377793,서울특별시 마포구청,서울마포경찰서,Y,3,,,4.0~17.2,2026-03-13,3130000,서울특별시 마포구,마포구,,3.0,신석,True,True,False,503.0,3.0,3.0,11.0,273.0,0,1.2895623234147062,149
초등학교,염리초교,서울특별시 마포구 토정로37길 37,서울특별시 마포구 염리동 173-4번지,37.54271029,126.945999,서울특별시 마포구청,서울마포경찰서,Y,4,,,4.0~8.9,2026-03-13,3130000,서울특별시 마포구,마포구,,4.0,염리,False,True,False,1295.0,0.0,0.0,10.0,697.0,0,3.333532633483786,38
초등학교,중동초교,서울특별시 마포구 월드컵북로 152,서울특별시 마포구 성산동 94-1번지,37.56641061,126.9117752,서울특별시 마포구청,서울마포경찰서,Y,3,,,4.2~8.1,2026-03-13,3130000,서울특별시 마포구,마포구,,3.0,중동,True,True,False,378.0,0.0,0.0,7.0,589.0,0,-0.4503890569250226,330
초등학교,성원초교,서울특별시 마포구 월드컵로36길 34,서울특별시 마포구 성산동 175-1번지,37.56697656,126.9050853,서울특별시 마포구청,서울마포경찰서,Y,3,,,5.5~8.9,2026-03-13,3130000,서울특별시 마포구,마포구,,3.0,성원,False,True,False,212.0,0.0,0.0,0.0,431.0,0,-2.9610211349577558,568
초등학교,성서초교,서울특별시 마포구 성미산로7길 24,서울특별시 마포구 성산동 31-1번지,37.56059548,126.9109264,서울특별시 마포구청,서울마포경찰서,Y,1,,,5.6~14.0,2026-03-13,3130000,서울특별시 마포구,마포구,,1.0,성서,False,True,False,376.0,0.0,0.0,9.0,114.0,0,-1.5124016715273074,450
초등학교,망원초교,서울특별시 마포구 방울내로5길 28,서울특별시 마포구 망원동 467-1번지,37.5608234,126.9007631,서울특별시 마포구청,서울마포경찰서,Y,5,,,5.0~5.5,2026-03-13,3130000,서울특별시 마포구,마포구,,5.0,망원,False,True,False,156.0,0.0,4.0,0.0,67.0,0,-4.271562522677005,603
초등학교,동교초교,서울특별시 마포구 월드컵로25길 86,서울특별시 마포구 망원동 426-5번지,37.55862448,126.9024006,서울특별시 마포구청,서울마포경찰서,Y,5,,,5.1~6.2,2026-03-13,3130000,서울특별시 마포구,마포구,,5.0,동교,False,True,False,544.0,4.0,4.0,3.0,201.0,0,-0.04050630418826562,287
초등학교,홍대부속초교,서울특별시 마포구 성미산로 51,서울특별시 마포구 성산동 산11-31번지,37.55964474,126.9132084,서울특별시 마포구청,서울마포경찰서,Y,3,,,5.6~14.0,2026-03-13,3130000,서울특별시 마포구,마포구,,3.0,홍대부속,False,True,False,0.0,0.0,0.0,0.0,127.0,0,-4.5598731114643885,604
초등학교,서강초교,서울특별시 마포구 독막로 113,서울특별시 마포구 상수동 1-1번지,37.54869715,126.9268951,서울특별시 마포구청,서울마포경찰서,Y,3,,,4,2026-03-13,3130000,서울특별시 마포구,마포구,4.0,3.0,서강,True,True,False,943.0,0.0,0.0,6.0,110.0,0,-0.44110640967828985,328
초등학교,용강초교,서울특별시 마포구 백범로17길 9,서울특별시 마포구 대흥동 35-1번지,37.54910215,126.9440167,서울특별시 마포구청,서울마포경찰서,Y,2,,,4.2~4.5,2026-03-13,3130000,서울특별시 마포구,마포구,,2.0,용강,False,True,False,499.0,0.0,0.0,8.0,276.0,0,-0.8453904378858693,378
초등학교,마포초교,서울특별시 마포구 도화2길 64,서울특별시 마포구 도화동 224-9번지,37.53860225,126.949816,서울특별시 마포구청,서울마포경찰서,Y,3,,,4.6~8.5,2026-03-13,3130000,서울특별시 마포구,마포구,,3.0,마포,True,True,False,626.0,0.0,0.0,4.0,227.0,0,-1.4736052879251234,446
초등학교,공덕초교,서울특별시 마포구 만리재옛길 13,서울특별시 마포구 공덕동 256-4번지,37.54580335,126.9548231,서울특별시 마포구청,서울마포경찰서,Y,4,,,6.0~8.3,2026-03-13,3130000,서울특별시 마포구,마포구,,4.0,공덕,False,True,False,650.0,0.0,0.0,12.0,226.0,0,0.3214142658383925,248
초등학교,소의초교,서울특별시 마포구 마포대로24길 42,서울특별시 마포구 아현동 386-1번지,37.55278186,126.9606556,서울특별시 마포구청,서울마포경찰서,Y,1,,,4.9,2026-03-13,3130000,서울특별시 마포구,마포구,4.9,1.0,소의,False,True,False,352.0,0.0,0.0,7.0,390.0,0,-1.1527788151059815,411
초등학교,아현초교,서울특별시 마포구 굴레방로 6,서울특별시 마포구 아현동 267-3번지,37.5558319,126.9562422,서울특별시 마포구청,서울마포경찰서,Y,3,,,15.5,2026-03-13,3130000,서울특별시 마포구,마포구,15.5,3.0,아현,False,True,False,617.0,0.0,0.0,7.0,422.0,0,-0.2437335655124307,309
초등학교,가재울초등학교,서울특별시 서대문구 모래내로15길 61,서울특별시 서대문구 홍제1동 456,37.574695,126.918151,서울특별시 서대문구청,서울특별시 서대문경찰서,Y,2,,,15~30,2026-03-31,3120000,서울특별시 서대문구,서대문구,,2.0,가재울,False,False,True,1491.0,3.0,3.0,15.0,190.0,1,7.000775232456733,4
초등학교,홍연초등학교,서울특별시 서대문구 백련사길 55,서울특별시 서대문구 홍은2동 305,37.58211871,126.930689,서울특별시 서대문구청,서울특별시 서대문경찰서,Y,3,,,4~10,2026-03-31,3120000,서울특별시 서대문구,서대문구,,3.0,홍연,False,True,False,406.0,0.0,3.0,5.0,56.0,0,-2.4648668660238626,526
초등학교,홍은초등학교,서울특별시 서대문구 세검정로 105,서울특별시 서대문구 홍제3동 286-5,37.59754027,126.949458,서울특별시 서대문구청,서울특별시 서대문경찰서,Y,5,,,6~27,2026-03-31,3120000,서울특별시 서대문구,서대문구,,5.0,홍은,False,True,False,311.0,3.0,3.0,11.0,171.0,0,0.3841787158406582,240
초등학교,연희초등학교,서울특별시 서대문구 연희로 136,서울특별시 서대문구 연희동 88-1,37.56904593,126.9341423,서울특별시 서대문구청,서울특별시 서대문경찰서,Y,3,,,6~25,2026-03-31,3120000,서울특별시 서대문구,서대문구,,3.0,연희,False,True,False,561.0,3.0,3.0,6.0,143.0,0,-0.01846823580601742,280
초등학교,안산초등학교,서울특별시 서대문구 통일로 321,서울특별시 서대문구 홍제1동 44,37.57916901,126.9522097,서울특별시 서대문구청,서울특별시 서대문경찰서,Y,3,,,2~11,2026-03-31,3120000,서울특별시 서대문구,서대문구,,3.0,안산,False,True,False,535.0,0.0,0.0,9.0,5.0,0,-1.368343568430069,430
초등학교,북성초등학교,서울특별시 서대문구 북아현로1나길 22,서울특별시 서대문구 북아현2동 215,37.559433,126.951959,서울특별시 서대문구청,서울특별시 서대문경찰서,Y,1,,,6~7,2026-03-31,3120000,서울특별시 서대문구,서대문구,,1.0,북성,False,False,True,811.0,0.0,0.0,3.0,221.0,1,0.949623056328031,183
초등학교,미동초등학교,서울특별시 서대문구 충정로 52,서울특별시 서대문구 미근동 36,37.56335057,126.9658861,서울특별시 서대문구청,서울특별시 서대문경찰서,Y,2,,,9~12,2026-03-31,3120000,서울특별시 서대문구,서대문구,,2.0,미동,False,True,False,215.0,0.0,0.0,3.0,379.0,0,-2.4678303489062943,527
초등학교,대신초등학교,서울특별시 서대문구 이화여대2길 27,서울특별시 서대문구 대현동 67-1,37.557969,126.9480572,서울특별시 서대문구청,서울특별시 서대문경찰서,Y,2,,,5~6,2026-03-31,3120000,서울특별시 서대문구,서대문구,,2.0,대신,False,True,False,139.0,0.0,0.0,6.0,185.0,0,-2.660345410282319,546
초등학교,경기초등학교,서울특별시 서대문구 경기대로9길 10,서울특별시 서대문구 충정로2가 70-2,37.56511029,126.9628606,서울특별시 서대문구청,서울특별시 서대문경찰서,Y,5,,,11~13,2026-03-31,3120000,서울특별시 서대문구,서대문구,,5.0,경기,False,True,False,582.0,0.0,0.0,0.0,248.0,0,-2.404607190382469,521
초등학교,추계초등학교,서울특별시 서대문구 북아현로11가길 7,서울특별시 서대문구 북아현동 190-1,37.56317672,126.9540593,서울특별시 서대문구청,서울특별시 서대문경찰서,Y,2,,,4~14,2026-03-31,3120000,서울특별시 서대문구,서대문구,,2.0,추계,False,True,False,359.0,0.0,0.0,0.0,97.0,0,-3.5580214872543356,595
초등학교,창서초등학교,서울특별시 서대문구 연세로5나길 30-3,서울특별시 서대문구 창천동 53-38,37.55814305,126.9334809,서울특별시 서대문구청,서울특별시 서대문경찰서,Y,5,,,3~8,2026-03-31,3120000,서울특별시 서대문구,서대문구,,5.0,창서,False,True,False,166.0,0.0,0.0,4.0,916.0,0,-0.7205395212279848,364
초등학교,금화초등학교,서울특별시 서대문구 통일로 165,서울특별시 서대문구 천연동 13-1,37.568806,126.9629414,서울특별시 서대문구청,서울특별시 서대문경찰서,Y,2,,,6~12,2026-03-31,3120000,서울특별시 서대문구,서대문구,,2.0,금화,False,False,True,402.0,0.0,0.0,10.0,769.0,1,2.926196053824207,53
초등학교,홍제초등학교,서울특별시 서대문구 홍은중앙로13,서울특별시 서대문구 홍은1동 48,37.59350546,126.9454205,서울특별시 서대문구청,서울특별시 서대문경찰서,Y,3,,,5~17,2026-03-31,3120000,서울특별시 서대문구,서대문구,,3.0,홍제,False,False,True,707.0,0.0,0.0,14.0,233.0,1,3.0414843289887825,49
초등학교,인왕초등학교,서울특별시 서대문구 세무서길 33-9,서울특별시 서대문구 홍제3동 245-1,37.59021988,126.9448045,서울특별시 서대문구청,서울특별시 서대문경찰서,Y,5,,,13~15,2026-03-31,3120000,서울특별시 서대문구,서대문구,,5.0,인왕,False,False,True,537.0,0.0,0.0,5.0,320.0,1,0.8544661918207088,192
초등학교,이대부속초등학교,서울특별시 서대문구 성산로 512-39,서울특별시 서대문구 대신동 20,37.56115022,126.9427751,서울특별시 서대문구청,서울특별시 서대문경찰서,Y,2,,,5~8,2026-03-31,3120000,서울특별시 서대문구,서대문구,,2.0,이대부속,False,False,True,0.0,0.0,0.0,0.0,581.0,1,-1.045538646262642,398
초등학교,연가초등학교,서울특별시 서대문구 증가로12가길 49-50,서울특별시 서대문구 남가좌2동 364-6,37.5795632,126.9173292,서울특별시 서대문구청,서울특별시 서대문경찰서,Y,4,,,6~20,2026-03-31,3120000,서울특별시 서대문구,서대문구,,4.0,연가,False,True,False,1340.0,0.0,3.0,17.0,45.0,0,2.93888532384357,52
초등학교,북가좌초등학교,서울특별시 서대문구 거북골로19길 20,서울특별시 서대문구 북가좌1동 186-108,37.57722021,126.9077782,서울특별시 서대문구청,서울특별시 서대문경찰서,Y,2,,,5~16,2026-03-31,3120000,서울특별시 서대문구,서대문구,,2.0,북가좌,False,True,False,872.0,6.0,6.0,12.0,65.0,0,3.4655660564927673,36
초등학교,명지초등학교,서울특별시 서대문구 명지2길 32-20,서울특별시 서대문구 홍은2동 산26-127,37.58362994,126.9282315,서울특별시 서대문구청,서울특별시 서대문경찰서,Y,2,,,6~8,2026-03-31,3120000,서울특별시 서대문구,서대문구,,2.0,명지,False,True,False,724.0,0.0,3.0,0.0,36.0,0,-2.6349109800864614,544
초등학교,고은초등학교,서울특별시 서대문구 모래내로 441,서울특별시 서대문구 홍제1동 320-3,37.585093,126.9439749,서울특별시 서대문구청,서울특별시 서대문경찰서,Y,1,,,8~13,2026-03-31,3120000,서울특별시 서대문구,서대문구,,1.0,고은,False,True,False,180.0,0.0,0.0,9.0,40.0,0,-2.3423319732352335,515
초등학교,서울신묵초등학교,서울특별시 중랑구 동일로 149길 46,서울특별시 중랑구 묵동 246-12,37.60652294,127.0758372,서울특별시 중랑구청,서울중랑경찰서,Y,,,,,2026-02-11,3060000,서울특별시 중랑구,중랑구,,,신묵,False,False,True,301.0,0.0,6.0,5.0,146.0,1,-0.4106364937406597,324
초등학교,금성초등학교,서울특별시 중랑구 신내로 21길 55,서울특별시 중랑구 신내동 651,37.61531395,127.0898591,서울특별시 중랑구청,서울중랑경찰서,Y,,,,,2026-02-11,3060000,서울특별시 중랑구,중랑구,,,금성,True,False,False,673.0,0.0,0.0,0.0,16.0,1,-0.7602448196434566,367
초등학교,서울동원초등학교,서울특별시 중랑구 송림길 114,서울특별시 중랑구 망우동 216,37.60457653,127.1044914,서울특별시 중랑구청,서울중랑경찰서,Y,,,,,2026-02-11,3060000,서울특별시 중랑구,중랑구,,,동원,False,False,True,279.0,0.0,0.0,8.0,53.0,1,-0.12211616598163877,296
초등학교,서울면목초등학교,서울특별시 중랑구 면목로 434,서울특별시 중랑구 면목동 221,37.59069723,127.0872887,서울특별시 중랑구청,서울중랑경찰서,Y,,,,,2026-02-11,3060000,서울특별시 중랑구,중랑구,,,면목,True,False,False,479.0,0.0,0.0,7.0,161.0,1,0.6108587708411941,217
초등학교,서울봉화초등학교,서울특별시 중랑구 신내로 15길 110,서울특별시 중랑구 신내동 655,37.61357488,127.0924077,서울특별시 중랑구청,서울중랑경찰서,Y,,,,,2026-02-11,3060000,서울특별시 중랑구,중랑구,,,봉화,True,False,False,352.0,0.0,0.0,11.0,5.0,1,0.5972588426817511,218
초등학교,서울신현초등학교,서울특별시 중랑구 봉화산로 188,서울특별시 중랑구 신내동 663,37.60581469,127.0935215,서울특별시 중랑구청,서울중랑경찰서,Y,,,,,2026-02-11,3060000,서울특별시 중랑구,중랑구,,,신현,False,False,True,349.0,7.0,13.0,4.0,83.0,1,2.7887220524694056,60
초등학교,서울중목초등학교,서울특별시 중랑구 동일로 665,서울특별시 중랑구 면목동 180-5,37.59008654,127.079339,서울특별시 중랑구청,서울중랑경찰서,Y,,,,,2026-02-11,3060000,서울특별시 중랑구,중랑구,,,중목,False,False,True,343.0,3.0,3.0,7.0,147.0,1,1.6372149923997594,121
초등학교,서울중흥초등학교,서울특별시 중랑구 봉화산로 82,서울특별시 중랑구 중화동 119,37.601635,127.0841443,서울특별시 중랑구청,서울중랑경찰서,Y,,,,,2026-02-11,3060000,서울특별시 중랑구,중랑구,,,중흥,False,False,True,212.0,0.0,0.0,13.0,46.0,1,0.7295235722196174,203
초등학교,서울묵현초등학교,서울특별시 중랑구 동일로157길 75,서울특별시 중랑구 묵동 242-55,37.6090795,127.073615,서울특별시 중랑구청,서울중랑경찰서,Y,,,,,2026-02-11,3060000,서울특별시 중랑구,중랑구,,,묵현,True,False,False,405.0,3.0,3.0,10.0,163.0,1,2.5233861428457978,77
초등학교,서울새솔초등학교,서울특별시 중랑구 신내역로1길 164,서울특별시 중랑구 신내동 241,37.61795176,127.1113289,서울특별시 중랑구청,서울중랑경찰서,Y,,,,,2026-02-11,3060000,서울특별시 중랑구,중랑구,,,새솔,True,False,False,421.0,0.0,0.0,12.0,4.0,1,1.020348640583742,173
초등학교,서울원묵초등학교,서울특별시 중랑구 숙선옹주로 109,서울특별시 중랑구 묵동 11,37.6177489,127.0868129,서울특별시 중랑구청,서울중랑경찰서,Y,,,,,2026-02-11,3060000,서울특별시 중랑구,중랑구,,,원묵,False,False,True,840.0,0.0,3.0,7.0,21.0,1,1.2744265776934305,152
초등학교,서울상봉초등학교,서울특별시 중랑구 동일로 126가길 11,서울특별시 중랑구 상봉동 312-1,37.59798021,127.0831709,서울특별시 중랑구청,서울중랑경찰서,Y,,,,,2026-02-11,3060000,서울특별시 중랑구,중랑구,,,상봉,True,False,False,485.0,0.0,0.0,6.0,79.0,1,0.15683476582173683,266
초등학교,서울망우초등학교,서울특별시 중랑구 망우로 72길 49,서울특별시 중랑구 망우동 153-1,37.59873869,127.1038401,서울특별시 중랑구청,서울중랑경찰서,Y,,,,,2026-02-11,3060000,서울특별시 중랑구,중랑구,,,망우,False,False,True,271.0,3.0,3.0,5.0,102.0,1,0.8453394251826225,193
초등학교,서울면남초등학교,서울특별시 중랑구 면목로 30나길 38,서울특별시 중랑구 면목동 583-15,37.57726134,127.087667,서울특별시 중랑구청,서울중랑경찰서,Y,,,,,2026-02-11,3060000,서울특별시 중랑구,중랑구,,,면남,False,False,True,353.0,0.0,0.0,8.0,43.0,1,0.07244600390944478,269
초등학교,서울면동초등학교,서울특별시 중랑구 면목로57길 32,서울특별시 중랑구 면목동 551,37.58535305,127.0865941,서울특별시 중랑구청,서울중랑경찰서,Y,,,,,2026-02-11,3060000,서울특별시 중랑구,중랑구,,,면동,True,False,False,921.0,0.0,0.0,13.0,109.0,1,3.090844986603968,47
초등학교,서울면북초등학교,서울특별시 중랑구 용마공원로 5길 32,서울특별시 중랑구 망우동 119,37.594475,127.1035487,서울특별시 중랑구청,서울중랑경찰서,Y,,,,,2026-02-11,3060000,서울특별시 중랑구,중랑구,,,면북,False,False,True,114.0,0.0,7.0,7.0,61.0,1,-0.8163111474973637,376
초등학교,서울면중초등학교,서울특별시 중랑구 용마산로 70길 43,서울특별시 중랑구 면목동 491-1,37.582402,127.0965491,서울특별시 중랑구청,서울중랑경찰서,Y,,,,,2026-02-11,3060000,서울특별시 중랑구,중랑구,,,면중,False,False,True,0.0,0.0,0.0,0.0,35.0,1,-2.754957518928439,551
초등학교,서울신내초등학교,서울특별시 중랑구 용마산로 125나길 22,서울특별시 중랑구 신내동 444,37.6049335,127.100154,서울특별시 중랑구청,서울중랑경찰서,Y,,,,,2026-02-11,3060000,서울특별시 중랑구,중랑구,,,신내,True,False,False,502.0,0.0,7.0,5.0,83.0,1,0.0056351884333116775,277
초등학교,서울중곡초등학교,서울특별시 중랑구 면목로23길 20,서울특별시 중랑구 면목동 380,37.57489299,127.0834395,서울특별시 중랑구청,서울중랑경찰서,Y,,,,,2026-02-11,3060000,서울특별시 중랑구,중랑구,,,중곡,False,False,True,625.0,0.0,0.0,10.0,177.0,1,1.7534231302003083,114
초등학교,서울중랑초등학교,서울특별시 중랑구 봉우재로6길26,서울특별시 중랑구 면목동 192-1,37.58966381,127.0755031,서울특별시 중랑구청,서울중랑경찰서,Y,,,,,2026-02-11,3060000,서울특별시 중랑구,중랑구,,,중랑,True,False,False,470.0,3.0,3.0,12.0,204.0,1,3.281372394135814,40
초등학교,서울중화초등학교,서울특별시 중랑구 신내로7가길 22,서울특별시 중랑구 신내동 531,37.60292027,127.094066,서울특별시 중랑구청,서울중랑경찰서,Y,,,,,2026-02-11,3060000,서울특별시 중랑구,중랑구,,,중화,True,False,False,876.0,6.0,13.0,11.0,58.0,1,5.333197277744275,16
초등학교,서울면일초등학교,서울특별시 중랑구 용마산로100길 13,서울특별시 중랑구 망우동 440,37.59204241,127.0997953,서울특별시 중랑구청,서울중랑경찰서,Y,,,,,2026-02-11,3060000,서울특별시 중랑구,중랑구,,,면일,False,False,True,507.0,3.0,7.0,17.0,147.0,1,4.2939111535677466,28
초등학교,서울묵동초등학교,서울특별시 중랑구 동일로 138길 27,서울특별시 중랑구 중화동 277-1,37.60335895,127.0808259,서울특별시 중랑구청,서울중랑경찰서,Y,,,,,2026-02-11,3060000,서울특별시 중랑구,중랑구,,,묵동,True,False,False,281.0,0.0,3.0,9.0,76.0,1,0.17160881591730193,262
초등학교,서울양원숲초등학교,서울특별시 중랑구 양원역로 95,서울특별시 중랑구 망우동 306-37,37.60934379,127.105122,서울특별시 중랑구청,서울중랑경찰서,Y,,,,,2026-02-11,3060000,서울특별시 중랑구,중랑구,,,양원숲,False,False,True,822.0,0.0,0.0,6.0,58.0,1,1.1197130218622333,165
초등학교,한강초교,서울특별시 용산구 한강대로14길 9,서울특별시 용산구 한강로3가 65-6,37.52522617,126.9650994,서울특별시 용산구청,서울용산경찰서,Y,,,,7~15,2026-01-31,3020000,서울특별시 용산구,용산구,,,한강,False,False,True,156.0,0.0,0.0,6.0,298.0,1,-0.16172593774383692,301
초등학교,용산초교,서울특별시 용산구 한강대로57길 33,서울특별시 용산구 한강로2가 1,37.53561344,126.9725506,서울특별시 용산구청,서울용산경찰서,Y,,,,6~10,2026-01-31,3020000,서울특별시 용산구,용산구,,,용산,False,False,True,313.0,0.0,0.0,3.0,339.0,1,-0.2009875485750141,305
초등학교,신광초교,서울특별시 용산구 청파로 213,서울특별시 용산구 문배동 3-3,37.53859775,126.9703507,서울특별시 용산구청,서울용산경찰서,Y,,,,4.5~5,2026-01-31,3020000,서울특별시 용산구,용산구,,,신광,False,False,True,340.0,0.0,0.0,0.0,244.0,1,-1.0628374894686414,400
초등학교,삼광초교,서울특별시 용산구 두텁바위로1나길 19,서울특별시 용산구 후암동 190-2,37.5477533,126.9765936,서울특별시 용산구청,서울용산경찰서,Y,,,,4~18,2026-01-31,3020000,서울특별시 용산구,용산구,,,삼광,True,False,False,295.0,0.0,0.0,4.0,952.0,1,1.8788656708955762,101
초등학교,금양초교,서울특별시 용산구 효창원로 137,서울특별시 용산구 효창동 126-4,37.5409415,126.9618318,서울특별시 용산구청,서울용산경찰서,Y,,,,15,2026-01-31,3020000,서울특별시 용산구,용산구,15.0,,금양,False,False,True,512.0,0.0,2.0,5.0,125.0,1,0.16765194893022284,264
초등학교,후암초교,서울특별시 용산구 두텁바위로 140,서울특별시 용산구 후암동 30-138,37.55136541,126.9817258,서울특별시 용산구청,서울용산경찰서,Y,,,,6~12,2026-01-31,3020000,서울특별시 용산구,용산구,,,후암,True,False,False,210.0,0.0,0.0,8.0,122.0,1,-0.11669941137280082,295
초등학교,청파초교(병설유치원),서울특별시 용산구 효창원로 228,서울특별시 용산구 청파동2가 1-42,37.5473031,126.963544,서울특별시 용산구청,서울용산경찰서,Y,,,,4~12,2026-01-31,3020000,서울특별시 용산구,용산구,,,청파,False,False,True,303.0,0.0,0.0,6.0,113.0,1,-0.2922365244228269,318
초등학교,이태원초교,서울특별시 용산구 녹사평대로40길 19,서울특별시 용산구 이태원동 406,37.53647807,126.9876718,서울특별시 용산구청,서울용산경찰서,Y,,,,6~7,2026-01-31,3020000,서울특별시 용산구,용산구,,,이태원,False,False,True,235.0,0.0,0.0,8.0,601.0,1,1.4592631096075874,131
초등학교,남정초교(병설유치원),서울특별시 용산구 원효로64길 17-10,서울특별시 용산구 원효로2가 54-1,37.53567338,126.9648033,서울특별시 용산구청,서울용산경찰서,Y,,,,6~8,2026-01-31,3020000,서울특별시 용산구,용산구,,,남정,False,False,True,175.0,0.0,2.0,6.0,227.0,1,-0.32601930525025935,319
초등학교,한남초교(병설유치원),서울특별시 용산구 한남대로 112,서울특별시 용산구 한남동 726-1,37.5392032,127.0055986,서울특별시 용산구청,서울용산경찰서,Y,,,,10,2026-01-31,3020000,서울특별시 용산구,용산구,10.0,,한남,False,False,True,177.0,0.0,0.0,6.0,111.0,1,-0.6830879453846228,356
초등학교,서빙고초교(병설유치원),서울특별시 용산구 서빙고로51길 14,서울특별시 용산구 서빙고동 235-1,37.52206964,126.9923004,서울특별시 용산구청,서울용산경찰서,Y,,,,4~15,2026-01-31,3020000,서울특별시 용산구,용산구,,,서빙고,False,False,True,389.0,0.0,0.0,10.0,152.0,1,0.9548102102565291,181
초등학교,신용산초교,서울특별시 용산구 이촌로 255,서울특별시 용산구 이촌동 301-75,37.52062932,126.9753668,서울특별시 용산구청,서울용산경찰서,Y,,,,6~20,2026-01-31,3020000,서울특별시 용산구,용산구,,,신용산,False,False,True,1293.0,3.0,3.0,9.0,72.0,1,4.733313597248817,23
초등학교,원효초교,서울특별시 용산구 효창원로13길 38,서울특별시 용산구 산천동 6-73,37.53616243,126.9515471,서울특별시 용산구청,서울용산경찰서,Y,,,,6~14,2026-01-31,3020000,서울특별시 용산구,용산구,,,원효,True,False,False,385.0,0.0,0.0,4.0,76.0,1,-0.589011444930595,342
초등학교,용암초교,서울특별시 용산구 서울특별시 용산구 녹사평대로60길 39,서울특별시 용산구 용산동2가 5-2147,37.54530443,126.9894356,서울특별시 용산구청,서울용산경찰서,Y,,,,4~6,2026-01-31,3020000,서울특별시 용산구,용산구,,,용암,False,False,True,102.0,0.0,0.0,4.0,221.0,1,-0.9988458245259475,391
초등학교,항동초등학교,서울특별시 구로구 연동로 178,,37.47701589,126.8241103,서울특별시 구로구청,구로경찰서,Y,,,,,2026-01-12,3160000,서울특별시 구로구,구로구,,,항동,False,False,True,1405.0,0.0,0.0,18.0,30.0,1,5.398884209952192,15
초등학교,하늘숲초등학교,서울특별시 구로구 오리로 1106,,37.48416096,126.8416517,서울특별시 구로구청,구로경찰서,Y,,,,,2026-01-12,3160000,서울특별시 구로구,구로구,,,하늘숲,False,True,False,271.0,0.0,0.0,6.0,19.0,0,-2.777155226427197,555
초등학교,천왕초등학교,서울특별시 구로구 천왕로1길 11,,37.48145598,126.8370629,서울특별시 구로구청,구로경찰서,Y,,,,,2026-01-12,3160000,서울특별시 구로구,구로구,,,천왕,True,True,False,405.0,0.0,0.0,10.0,34.0,0,-1.4587373777608437,442
초등학교,온수초등학교,서울특별시 구로구 부일로 893,,37.494071,126.825993,서울특별시 구로구청,구로경찰서,Y,,,,,2026-01-12,3160000,서울특별시 구로구,구로구,,,온수,False,False,True,558.0,0.0,0.0,7.0,38.0,1,0.46690161230451155,231
초등학교,오정초등학교,서울특별시 구로구 경인로2길 10,,37.49016576,126.8264393,서울특별시 구로구청,구로경찰서,Y,,,,,2026-01-12,3160000,서울특별시 구로구,구로구,,,오정,False,False,True,271.0,0.0,0.0,6.0,43.0,1,-0.6090663935446687,343
초등학교,오류초등학교,서울특별시 구로구 경인로19길 39,,37.49752903,126.8420281,서울특별시 구로구청,구로경찰서,Y,,,,,2026-01-12,3160000,서울특별시 구로구,구로구,,,오류,False,False,True,538.0,3.0,3.0,10.0,419.0,1,3.7308278287575165,32
초등학교,오류남초등학교,서울특별시 구로구 서해안로24길 22,,37.489606,126.8391137,서울특별시 구로구청,구로경찰서,Y,,,,,2026-01-12,3160000,서울특별시 구로구,구로구,,,오류남,True,False,False,460.0,3.0,3.0,10.0,171.0,1,2.71630907905047,68
초등학교,영일초등학교,서울특별시 구로구 남부순환로105길 218,,37.48564457,126.8838114,서울특별시 구로구청,구로경찰서,Y,,,,,2026-01-12,3160000,서울특별시 구로구,구로구,,,영일,False,False,True,248.0,3.0,6.0,9.0,466.0,1,2.777196682025843,63
초등학교,영서초등학교,서울특별시 구로구 도림로20길 57,,37.48896046,126.8955839,서울특별시 구로구청,구로경찰서,Y,,,,,2026-01-12,3160000,서울특별시 구로구,구로구,,,영서,False,False,True,485.0,0.0,4.0,7.0,463.0,1,1.574675317897386,125
초등학교,신미림초등학교,서울특별시 구로구 신도림로 26,,37.50714192,126.8795526,서울특별시 구로구청,구로경찰서,Y,,,,,2026-01-12,3160000,서울특별시 구로구,구로구,,,신미림,False,False,True,745.0,0.0,0.0,0.0,282.0,1,0.2923145977565833,252
초등학교,신도림초등학교,서울특별시 구로구 신도림로19길 44,,37.51198583,126.8832548,서울특별시 구로구청,구로경찰서,Y,,,,,2026-01-12,3160000,서울특별시 구로구,구로구,,,신도림,False,False,True,1048.0,0.0,0.0,12.0,88.0,1,3.1971283259851484,43
초등학교,신구로초등학교,서울특별시 구로구 가마산로27길 69,,37.49965913,126.8897653,서울특별시 구로구청,구로경찰서,Y,,,,,2026-01-12,3160000,서울특별시 구로구,구로구,,,신구로,False,False,True,389.0,3.0,6.0,9.0,443.0,1,3.1355625096769795,46
초등학교,세곡초등학교,서울특별시 구로구 고척로33길 34,,37.50505628,126.8491193,서울특별시 구로구청,구로경찰서,Y,,,,,2026-01-12,3160000,서울특별시 구로구,구로구,,,세곡,False,False,True,348.0,0.0,0.0,7.0,86.0,1,-0.02380282776580045,282
초등학교,미래초등학교,서울특별시 구로구 새말로 73,,37.50510683,126.8880789,서울특별시 구로구청,구로경찰서,Y,,,,,2026-01-12,3160000,서울특별시 구로구,구로구,,,미래,False,False,True,419.0,0.0,0.0,0.0,260.0,1,-0.771612920348647,369
초등학교,매봉초등학교,서울특별시 구로구 고척로21길 55,,37.50491677,126.844375,서울특별시 구로구청,구로경찰서,Y,,,,,2026-01-12,3160000,서울특별시 구로구,구로구,,,매봉,True,False,False,167.0,0.0,0.0,8.0,96.0,1,-0.32934921463381794,321
초등학교,동구로초등학교,서울특별시 구로구 구로중앙로14길 43,,37.49407207,126.8927814,서울특별시 구로구청,구로경찰서,Y,,,,,2026-01-12,3160000,서울특별시 구로구,구로구,,,동구로,False,False,True,319.0,0.0,0.0,7.0,703.0,1,1.8193864113453393,103
초등학교,덕의초등학교,서울특별시 구로구 고척로 213,,37.50602878,126.8573464,서울특별시 구로구청,구로경찰서,Y,,,,,2026-01-12,3160000,서울특별시 구로구,구로구,,,덕의,False,False,True,659.0,0.0,0.0,0.0,283.0,1,0.03294759242738232,274
초등학교,구일초등학교,서울특별시 구로구 구일로 68,,37.4931916,126.8734733,서울특별시 구로구청,구로경찰서,Y,,,,,2026-01-12,3160000,서울특별시 구로구,구로구,,,구일,True,False,False,842.0,0.0,0.0,12.0,132.0,1,2.7061098711549043,69
초등학교,구로초등학교,서울특별시 구로구 구로중앙로27나길 9,,37.49746124,126.8865524,서울특별시 구로구청,구로경찰서,Y,,,,,2026-01-12,3160000,서울특별시 구로구,구로구,,,구로,False,False,True,348.0,0.0,6.0,6.0,373.0,1,0.6591259673357484,210
초등학교,구로남초등학교,서울특별시 구로구 디지털로27길 76,,37.48420548,126.8902176,서울특별시 구로구청,구로경찰서,Y,,,,,2026-01-12,3160000,서울특별시 구로구,구로구,,,구로남,False,False,True,337.0,0.0,11.0,9.0,345.0,1,1.1847238430078866,161
초등학교,고척초등학교,서울특별시 구로구 경서로 31,,37.50094667,126.856994,서울특별시 구로구청,구로경찰서,Y,,,,,2026-01-12,3160000,서울특별시 구로구,구로구,,,고척,True,False,False,548.0,0.0,0.0,8.0,99.0,1,0.8429695371816214,194
초등학교,고원초등학교,서울특별시 구로구 경인로46길 13,,37.49761248,126.8657986,서울특별시 구로구청,구로경찰서,Y,,,,,2026-01-12,3160000,서울특별시 구로구,구로구,,,고원,False,False,True,480.0,0.0,3.0,0.0,354.0,1,-0.2911270570434825,317
초등학교,고산초등학교,서울특별시 구로구 중앙로 6,,37.49897363,126.8647738,서울특별시 구로구청,구로경찰서,Y,,,,,2026-01-12,3160000,서울특별시 구로구,구로구,,,고산,False,False,True,334.0,0.0,3.0,6.0,587.0,1,1.2863857782137536,150
초등학교,개웅초등학교,서울특별시 구로구 개봉로11길 98,,37.488569,126.8499801,서울특별시 구로구청,구로경찰서,Y,,,,,2026-01-12,3160000,서울특별시 구로구,구로구,,,개웅,False,False,True,357.0,0.0,4.0,11.0,25.0,1,0.6751364191341154,207
초등학교,개봉초등학교,서울특별시 구로구 개봉로16길 30-11,,37.48952311,126.8579748,서울특별시 구로구청,구로경찰서,Y,,,,,2026-01-12,3160000,서울특별시 구로구,구로구,,,개봉,False,False,True,807.0,9.0,13.0,8.0,97.0,1,6.083154524475033,8
초등학교,개명초등학교,서울특별시 구로구 개봉로1다길 16-9,,37.48303805,126.8509816,서울특별시 구로구청,구로경찰서,Y,,,,,2026-01-12,3160000,서울특별시 구로구,구로구,,,개명,False,False,True,252.0,0.0,0.0,7.0,10.0,1,-0.5547647264551043,334
초등학교,세검정초등학교,서울특별시 종로구 세검정로9길1,서울특별시 종로구 신영동 219-4,37.60347028,126.9609709,서울특별시 종로구청,종로경찰서,Y,3,,,4~8,2023-01-18,3000000,서울특별시 종로구,종로구,,3.0,세검정,False,False,True,610.0,0.0,0.0,4.0,122.0,1,0.24177305356391088,257
초등학교,서울사대부설초등학교,서울특별시 종로구 대학로64,서울특별시 종로구 이화동 149,37.5775997,127.0042973,서울특별시 종로구청,혜화경찰서,Y,3,,,6~10,2023-01-18,3000000,서울특별시 종로구,종로구,,3.0,사대부설,False,False,True,0.0,0.0,0.0,0.0,1268.0,1,1.1053235616520156,166
초등학교,상명대부속초등학교,서울특별시 종로구 홍지문2길1,서울특별시 종로구 홍지동 56,37.60044146,126.956708,서울특별시 종로구청,종로경찰서,Y,1,,,6~12,2023-01-18,3000000,서울특별시 종로구,종로구,,1.0,상명대부속,False,False,True,0.0,0.0,0.0,0.0,104.0,1,-2.5389320569981466,535
초등학교,명신초등학교,서울특별시 종로구 낙산길250,서울특별시 종로구 창신동 산1-1,37.58145198,127.0146226,서울특별시 종로구청,혜화경찰서,Y,1,,,15,2023-01-18,3000000,서울특별시 종로구,종로구,15.0,1.0,명신,False,False,True,188.0,0.0,0.0,5.0,64.0,1,-1.0122723170103478,392
초등학교,매동초등학교,서울특별시 종로구 사직로9길19,서울특별시 종로구 필운동 32,37.5774983,126.9669436,서울특별시 종로구청,종로경찰서,Y,3,,,6~12,2023-01-18,3000000,서울특별시 종로구,종로구,,3.0,매동,False,False,True,178.0,3.0,3.0,6.0,1758.0,1,5.9616984960182355,11
초등학교,독립문초등학교,서울특별시 종로구 통일로12길 23,서울특별시 종로구 무악동 46-82,37.57421652,126.9599719,서울특별시 종로구청,종로경찰서,Y,2,,,8,2023-01-18,3000000,서울특별시 종로구,종로구,8.0,2.0,독립문,False,False,True,405.0,0.0,0.0,4.0,654.0,1,1.281639151332282,151
초등학교,운현초등학교(교동),서울특별시 종로구 삼일대로454,"서울특별시 종로구 경운동 2, 운니동 114-7",37.57506236,126.9874209,서울특별시 종로구청,종로경찰서,Y,3,,,6~30,2023-01-18,3000000,서울특별시 종로구,종로구,,3.0,운현교동,False,False,True,0.0,0.0,0.0,0.0,1717.0,1,2.511054466096966,78
초등학교,청운초등학교,서울특별시 종로구 자하문로105,서울특별시 종로구 청운동 123,37.5859741,126.969236,서울특별시 종로구청,종로경찰서,Y,1,,,6~25,2023-01-18,3000000,서울특별시 종로구,종로구,,1.0,청운,False,False,True,259.0,0.0,0.0,5.0,539.0,1,0.6915727936666456,205
초등학교,창신초등학교,서울특별시 종로구 지봉로 73,서울특별시 종로구 창신동 128-32,37.57621184,127.0142955,서울특별시 종로구청,혜화경찰서,Y,3,,,6~20,2023-01-18,3000000,서울특별시 종로구,종로구,,3.0,창신,False,False,True,264.0,0.0,0.0,5.0,733.0,1,1.3142102306388794,143
초등학교,재동초등학교,서울특별시 종로구 북촌로4길 7,서울특별시 종로구 가회동 210,37.58002838,126.9851785,서울특별시 종로구청,종로경찰서,Y,2,,,6~25,2023-01-18,3000000,서울특별시 종로구,종로구,,2.0,재동,False,False,True,134.0,0.0,0.0,0.0,1040.0,1,0.8005085103616996,197
초등학교,숭미초교,서울특별시 도봉구 노해로 179,,37.6508453,127.0279643,도봉구청,도봉경찰서,Y,3,,,6~20,2019-09-05,3090000,서울특별시 도봉구,도봉구,,3.0,숭미,False,True,False,487.0,4.0,8.0,12.0,101.0,0,1.4129392595440962,136
초등학교,백운초교,서울특별시 도봉구 삼양로146길 17,,37.6532035,127.0139875,도봉구청,도봉경찰서,Y,2,,,6~24,2019-09-05,3090000,서울특별시 도봉구,도봉구,,2.0,백운,False,True,False,602.0,0.0,0.0,10.0,292.0,0,-0.049686877466027846,288
초등학교,방학초교,서울특별시 도봉구 도당로9길 34,,37.6640285,127.0321675,도봉구청,도봉경찰서,Y,3,,,6~8,2019-09-05,3090000,서울특별시 도봉구,도봉구,,3.0,방학,True,True,False,394.0,0.0,0.0,11.0,260.0,0,-0.5691391266347934,337
초등학교,도봉초교,서울특별시 도봉구 도봉로173길 96,,37.6793783,127.038218,도봉구청,도봉경찰서,Y,4,,,6~8,2019-09-05,3090000,서울특별시 도봉구,도봉구,,4.0,도봉,True,True,False,243.0,0.0,0.0,10.0,192.0,0,-1.4585429951679372,441
초등학교,누원초등학교,서울특별시 도봉구 마들로 859-44,,37.6869304,127.0490694,도봉구청,도봉경찰서,Y,2,,,6~20,2019-09-05,3090000,서울특별시 도봉구,도봉구,,2.0,누원,True,True,False,602.0,0.0,0.0,6.0,10.0,0,-1.7950211254702544,467
초등학교,가인초등학교,서울특별시 도봉구 도봉로136다길 4,,37.6599068,127.0431592,도봉구청,도봉경찰서,Y,4,,,6~40,2019-09-05,3090000,서울특별시 도봉구,도봉구,,4.0,가인,False,True,False,299.0,0.0,0.0,13.0,257.0,0,-0.437276259350078,326
초등학교,신방학초교,서울특별시 도봉구 시루봉로 173,,37.6659578,127.0292294,도봉구청,도봉경찰서,Y,3,,,15,2019-09-05,3090000,서울특별시 도봉구,도봉구,15.0,3.0,신방학,False,True,False,239.0,0.0,0.0,6.0,31.0,0,-2.83725918426956,559
초등학교,신학초교,서울특별시 도봉구 방학로 247-21,,37.6609904,127.0255131,도봉구청,도봉경찰서,Y,4,,,6~15,2019-09-05,3090000,서울특별시 도봉구,도봉구,,4.0,신학,False,True,False,312.0,4.0,4.0,11.0,43.0,0,0.4815882264252709,229
초등학교,신창초교,서울특별시 도봉구 덕릉로60길 93,,37.6361731,127.0421969,도봉구청,도봉경찰서,Y,4,,,6~10,2019-09-05,3090000,서울특별시 도봉구,도봉구,,4.0,신창,False,True,False,190.0,0.0,0.0,0.0,241.0,0,-3.6230244585494615,599
초등학교,신화,서울특별시 도봉구 우이천로 120,,37.6326698,127.0408596,도봉구청,도봉경찰서,Y,4,,,6~15,2019-09-05,3090000,서울특별시 도봉구,도봉구,,4.0,신화,False,True,False,292.0,0.0,0.0,7.0,87.0,0,-2.2845503716880993,508
초등학교,한신,서울특별시 도봉구 노해로49길 69,,37.6529105,127.0318063,도봉구청,도봉경찰서,Y,2,,,6~20,2019-09-05,3090000,서울특별시 도봉구,도봉구,,2.0,한신,False,False,True,618.0,0.0,3.0,0.0,84.0,1,-0.7152266673451975,363
초등학교,동북,서울특별시 도봉구 시루봉로 53,,37.655351,127.0268289,도봉구청,도봉경찰서,Y,3,,,6~15,2019-09-05,3090000,서울특별시 도봉구,도봉구,,3.0,동북,False,False,True,767.0,0.0,0.0,0.0,211.0,1,0.1371781305684847,267
초등학교,초당,서울특별시 도봉구 해등로32길 11,,37.6584988,127.0221014,도봉구청,도봉경찰서,Y,4,,,6~25,2019-09-05,3090000,서울특별시 도봉구,도봉구,,4.0,당,False,True,False,661.0,0.0,0.0,0.0,253.0,0,-2.1478214630194774,500
초등학교,창일,서울특별시 도봉구 노해로66길 84,,37.6471695,127.0476797,도봉구청,도봉경찰서,Y,5,,,20~25,2019-09-05,3090000,서울특별시 도봉구,도봉구,,5.0,창일,False,True,False,612.0,0.0,0.0,0.0,64.0,0,-2.889106085680009,564
초등학교,창원,서울특별시 도봉구 해등로 103,,37.6525531,127.040553,도봉구청,도봉경찰서,Y,6,,,10~30,2019-09-05,3090000,서울특별시 도봉구,도봉구,,6.0,창원,False,True,False,208.0,0.0,0.0,6.0,211.0,0,-2.3683358042624927,516
초등학교,창림,서울특별시 도봉구 덕릉로63길 46,,37.6429724,127.0415487,도봉구청,도봉경찰서,Y,4,,,6~10,2019-09-05,3090000,서울특별시 도봉구,도봉구,,4.0,창림,False,True,False,681.0,0.0,4.0,9.0,50.0,0,-0.7818215821141902,371
초등학교,창동,서울특별시 도봉구 해등로16길 81,,37.6551924,127.0446861,도봉구청,도봉경찰서,Y,6,,,6~12,2019-09-05,3090000,서울특별시 도봉구,도봉구,,6.0,창동,False,True,False,289.0,0.0,0.0,4.0,203.0,0,-2.5773697147897243,539
초등학교,창도,서울특별시 도봉구 방학로 32-28,,37.663831,127.0490956,도봉구청,도봉경찰서,Y,3,,,6~12,2019-09-05,3090000,서울특별시 도봉구,도봉구,,3.0,창도,False,True,False,599.0,0.0,3.0,4.0,51.0,0,-2.1070388589020927,498
초등학교,창경,서울특별시 도봉구 도봉로129길 54,,37.6561144,127.0347544,도봉구청,도봉경찰서,Y,4,,,6~20,2019-09-05,3090000,서울특별시 도봉구,도봉구,,4.0,창경,False,True,False,682.0,0.0,3.0,0.0,195.0,0,-2.265309780964498,507
초등학교,자운,서울특별시 도봉구 마들로13길 166,,37.6577174,127.0463946,도봉구청,도봉경찰서,Y,1,,,6~12,2019-09-05,3090000,서울특별시 도봉구,도봉구,,1.0,자운,False,True,False,555.0,0.0,0.0,0.0,70.0,0,-3.044302368951621,574
초등학교,월천,서울특별시 도봉구 노해로70길 96,,37.6478402,127.0522016,도봉구청,도봉경찰서,Y,3,,,20,2019-09-05,3090000,서울특별시 도봉구,도봉구,20.0,3.0,월천,False,True,False,280.0,0.0,0.0,12.0,21.0,0,-1.4497515516202817,440
초등학교,오봉,서울특별시 도봉구 시루봉로 285,,37.6718842,127.0402882,도봉구청,도봉경찰서,Y,5,,,6~15,2019-09-05,3090000,서울특별시 도봉구,도봉구,,5.0,오봉,False,True,False,223.0,0.0,0.0,6.0,139.0,0,-2.5479691759894387,537
초등학교,쌍문,서울특별시 도봉구 우이천로 360,,37.6489734,127.024308,도봉구청,도봉경찰서,Y,2,,,6~12,2019-09-05,3090000,서울특별시 도봉구,도봉구,,2.0,쌍문,False,True,False,480.0,8.0,8.0,11.0,102.0,0,3.159492453733519,44
초등학교,효제초등학교,서울특별시 종로구 대학로12,서울특별시 종로구 효제동 255-4,37.57268796,127.0034911,서울특별시 종로구청,혜화경찰서,Y,4,,,20~25,2023-01-18,3000000,서울특별시 종로구,종로구,,4.0,효제,True,False,False,160.0,0.0,0.0,4.0,1254.0,1,2.412307902990533,83
초등학교,혜화초등학교,서울특별시 종로구 혜화로 32,서울특별시 종로구 혜화동 13-1,37.5886356,127.0002536,서울특별시 종로구청,혜화경찰서,Y,2,,,15,2023-01-18,3000000,서울특별시 종로구,종로구,15.0,2.0,혜화,False,False,True,320.0,0.0,0.0,7.0,509.0,1,1.2150627750097538,157
